model,platform,baseline,mean_ms,CI95,std_ms,p_value,pct_improvement,n_runs
AlexNet,rpi4,cachewinograd,51771.9272,11.7633,42.4384,N/A,N/A,50
AlexNet,rpi4,naive_winograd,51718.7984,14.8994,53.7523,3.534859e-07,-0.1,50
AlexNet,rpi4,nonfused_winograd,51725.3425,3.4259,12.3597,5.470830e-10,-0.09,50
ResNet-18,rpi4,cachewinograd,232135.142,308.6346,1113.4571,N/A,N/A,50
ResNet-18,rpi4,naive_winograd,231683.6016,1090.8048,3935.2831,4.382226e-01,-0.19,50
ResNet-18,rpi4,nonfused_winograd,231698.7503,811.9844,2929.386,3.285705e-01,-0.19,50
ResNet-34,rpi4,cachewinograd,424153.8503,1129.5276,4074.9829,N/A,N/A,50
ResNet-34,rpi4,naive_winograd,420713.0359,399.4624,1441.1356,4.848918e-07,-0.82,50
ResNet-34,rpi4,nonfused_winograd,406577.0301,1815.3676,6549.2793,< 1e-10,-4.32,50
VGG16,rpi4,cachewinograd,1846777.8981,17767.1346,28665.6189,N/A,N/A,10
VGG16,rpi4,naive_winograd,1939926.3183,542.063,874.5682,2.822119e-06,4.8,10
VGG16,rpi4,nonfused_winograd,1939916.3387,120.1175,193.7984,2.852992e-06,4.8,10
