config,c_in,c_out,mode,n,mean_ms,ci95_ms,p_vs_unfused_1T,improvement_vs_unfused_1T_pct,paper_fused_4T_vs_unfused_4T_pct,measured_fused_4T_vs_unfused_4T_pct,pct_diff_from_paper,match
"(64,64)",64,64,unfused_1T,10,14.7835,0.0368,N/A,N/A,,,,
"(64,64)",64,64,unfused_4T,10,14.8315,0.0132,3.437335e-02,-0.3244,,,,
"(64,64)",64,64,fused_1T,10,14.7183,0.0238,1.033094e-02,0.4415,,,,
"(64,64)",64,64,fused_4T,10,14.7211,0.0153,9.596330e-03,0.4227,33.11,0.7447,-97.75,MISMATCH
"(128,128)",128,128,unfused_1T,10,100.71,0.1376,N/A,N/A,,,,
"(128,128)",128,128,unfused_4T,10,101.1222,0.1633,1.417649e-03,-0.4093,,,,
"(128,128)",128,128,fused_1T,10,101.1078,0.1296,6.393885e-04,-0.395,,,,
"(128,128)",128,128,fused_4T,10,100.9899,0.119,7.565761e-03,-0.2779,,,,
"(32,64)",32,64,fused_1T,10,8.1822,0.0182,N/A,N/A,,,,
"(32,64)",32,64,fused_4T,10,8.1635,0.0094,N/A,N/A,,,,
