config,baseline,n,mean_ms,std_ms,ci95_ms,p_value,cw_mean_ms,pct_improvement,status
"(32,64)",tvm,0,N/A,N/A,N/A,N/A,1562.0919,N/A,SKIPPED
"(32,64)",autotvm,0,N/A,N/A,N/A,N/A,1562.0919,N/A,SKIPPED
"(32,64)",armcl,0,N/A,N/A,N/A,N/A,1562.0919,N/A,SKIPPED
"(64,32)",tvm,0,N/A,N/A,N/A,N/A,792.1944,N/A,SKIPPED
"(64,32)",autotvm,0,N/A,N/A,N/A,N/A,792.1944,N/A,SKIPPED
"(64,32)",armcl,0,N/A,N/A,N/A,N/A,792.1944,N/A,SKIPPED
"(64,64)",tvm,0,N/A,N/A,N/A,N/A,1928.821,N/A,SKIPPED
"(64,64)",autotvm,0,N/A,N/A,N/A,N/A,1928.821,N/A,SKIPPED
"(64,64)",armcl,0,N/A,N/A,N/A,N/A,1928.821,N/A,SKIPPED
