Platform,CPU_Model,L1D_Bytes,L2_Bytes,Workload,Candidate_Tiles,Selected_Tile,Tile_Input_Size,Alpha,Target_Cache,Estimated_Working_Set_Bytes,Reuse_Score
Darwin,arm,65536,4194304,"C_in=16, C_out=32","F(2,3), F(4,3), F(6,3)","F(2,3)",4,0.7,32768,18560,0.4414
Darwin,arm,65536,4194304,"C_in=32, C_out=16","F(2,3), F(4,3), F(6,3)","F(2,3)",4,0.7,32768,35968,0.1139
Darwin,arm,65536,4194304,"C_in=32, C_out=32","F(2,3), F(4,3), F(6,3)","F(2,3)",4,0.7,32768,35968,0.2278
Darwin,arm,65536,4194304,"C_in=32, C_out=64","F(2,3), F(4,3), F(6,3)","F(2,3)",4,0.7,32768,35968,0.4555
Darwin,arm,65536,4194304,"C_in=64, C_out=32","F(2,3), F(4,3), F(6,3)","F(2,3)",4,0.7,32768,70784,0.1157
Darwin,arm,65536,4194304,"C_in=64, C_out=64","F(2,3), F(4,3), F(6,3)","F(2,3)",4,0.7,32768,70784,0.2315
Darwin,arm,65536,4194304,"C_in=128, C_out=128","F(2,3), F(4,3), F(6,3)","F(2,3)",4,0.7,32768,140416,0.2334
Darwin,arm,65536,4194304,"C_in=16, C_out=32","F(2,3), F(4,3), F(6,3)","F(4,3)",6,0.7,65536,41760,1.5657
Darwin,arm,65536,4194304,"C_in=32, C_out=16","F(2,3), F(4,3), F(6,3)","F(2,3)",4,0.7,65536,35968,0.2278
Darwin,arm,65536,4194304,"C_in=32, C_out=32","F(2,3), F(4,3), F(6,3)","F(2,3)",4,0.7,65536,35968,0.4555
Darwin,arm,65536,4194304,"C_in=32, C_out=64","F(2,3), F(4,3), F(6,3)","F(2,3)",4,0.7,65536,35968,0.911
Darwin,arm,65536,4194304,"C_in=64, C_out=32","F(2,3), F(4,3), F(6,3)","F(2,3)",4,0.7,65536,70784,0.2315
Darwin,arm,65536,4194304,"C_in=64, C_out=64","F(2,3), F(4,3), F(6,3)","F(2,3)",4,0.7,65536,70784,0.4629
Darwin,arm,65536,4194304,"C_in=128, C_out=128","F(2,3), F(4,3), F(6,3)","F(2,3)",4,0.7,65536,140416,0.4667
Darwin,arm,65536,4194304,"C_in=16, C_out=32","F(2,3), F(4,3), F(6,3)","F(4,3)",6,0.7,65536,41760,1.5657
Darwin,arm,65536,4194304,"C_in=32, C_out=16","F(2,3), F(4,3), F(6,3)","F(2,3)",4,0.7,65536,35968,0.2278
Darwin,arm,65536,4194304,"C_in=32, C_out=32","F(2,3), F(4,3), F(6,3)","F(2,3)",4,0.7,65536,35968,0.4555
Darwin,arm,65536,4194304,"C_in=32, C_out=64","F(2,3), F(4,3), F(6,3)","F(2,3)",4,0.7,65536,35968,0.911
Darwin,arm,65536,4194304,"C_in=64, C_out=32","F(2,3), F(4,3), F(6,3)","F(2,3)",4,0.7,65536,70784,0.2315
Darwin,arm,65536,4194304,"C_in=64, C_out=64","F(2,3), F(4,3), F(6,3)","F(2,3)",4,0.7,65536,70784,0.4629
Darwin,arm,65536,4194304,"C_in=128, C_out=128","F(2,3), F(4,3), F(6,3)","F(2,3)",4,0.7,65536,140416,0.4667
Darwin,arm,65536,4194304,"C_in=16, C_out=32","F(2,3), F(4,3), F(6,3)","F(4,3)",6,0.7,65536,41760,1.5657
Darwin,arm,65536,4194304,"C_in=32, C_out=16","F(2,3), F(4,3), F(6,3)","F(2,3)",4,0.7,65536,35968,0.2278
Darwin,arm,65536,4194304,"C_in=32, C_out=32","F(2,3), F(4,3), F(6,3)","F(2,3)",4,0.7,65536,35968,0.4555
Darwin,arm,65536,4194304,"C_in=32, C_out=64","F(2,3), F(4,3), F(6,3)","F(2,3)",4,0.7,65536,35968,0.911
Darwin,arm,65536,4194304,"C_in=64, C_out=32","F(2,3), F(4,3), F(6,3)","F(2,3)",4,0.7,65536,70784,0.2315
Darwin,arm,65536,4194304,"C_in=64, C_out=64","F(2,3), F(4,3), F(6,3)","F(2,3)",4,0.7,65536,70784,0.4629
Darwin,arm,65536,4194304,"C_in=128, C_out=128","F(2,3), F(4,3), F(6,3)","F(2,3)",4,0.7,65536,140416,0.4667
