C_in,C_out,Tile,Fused,MultiCore,Mean_Latency_ms,Median_Latency_ms,StdDev_ms,CI95_ms,P_Value_vs_Baseline,Effect_Direction,Improvement_vs_Baseline_pct,Runs
16,32,"F(6,3)",False,False,0.5587,0.5571,0.0051,0.0018,N/A,N/A,N/A,30
16,32,"F(6,3)",True,False,0.63,0.6294,0.0036,0.0013,< 1e-10,Slower,-12.77,30
16,32,"F(6,3)",False,True,0.5541,0.5536,0.0033,0.0012,0.00012708484143657386,Faster,0.83,30
16,32,"F(6,3)",True,True,0.6298,0.6283,0.0039,0.0014,< 1e-10,Slower,-12.73,30
32,16,"F(4,3)",False,False,0.8343,0.8339,0.0057,0.002,N/A,N/A,N/A,30
32,16,"F(4,3)",True,False,0.9956,0.9954,0.0035,0.0013,< 1e-10,Slower,-19.33,30
32,16,"F(4,3)",False,True,0.832,0.8315,0.0041,0.0015,0.06921017059631815,Faster,0.29,30
32,16,"F(4,3)",True,True,0.99,0.9899,0.0033,0.0012,< 1e-10,Slower,-18.66,30
32,32,"F(4,3)",False,False,2.5315,2.5175,0.04,0.0143,N/A,N/A,N/A,30
32,32,"F(4,3)",True,False,2.3396,2.3385,0.0075,0.0027,< 1e-10,Faster,7.58,30
32,32,"F(4,3)",False,True,2.5383,2.533,0.0313,0.0112,0.4636329671442905,Slower,-0.27,30
32,32,"F(4,3)",True,True,2.3783,2.3545,0.0758,0.0271,< 1e-10,Faster,6.05,30
32,64,"F(4,3)",False,False,7.6729,7.6772,0.0404,0.0144,N/A,N/A,N/A,30
32,64,"F(4,3)",True,False,6.1602,6.1486,0.0528,0.0189,< 1e-10,Faster,19.71,30
32,64,"F(4,3)",False,True,7.6527,7.6662,0.0537,0.0192,0.10577731874760402,Faster,0.26,30
32,64,"F(4,3)",True,True,6.1468,6.1406,0.0226,0.0081,< 1e-10,Faster,19.89,30
64,32,"F(4,3)",False,False,3.7595,3.7638,0.0248,0.0089,N/A,N/A,N/A,30
64,32,"F(4,3)",True,False,3.1474,3.1481,0.0087,0.0031,< 1e-10,Faster,16.28,30
64,32,"F(4,3)",False,True,3.7665,3.771,0.02,0.0072,0.23109333337777843,Slower,-0.19,30
64,32,"F(4,3)",True,True,3.1487,3.1374,0.061,0.0218,< 1e-10,Faster,16.25,30
64,64,"F(4,3)",False,False,12.3424,12.3456,0.0305,0.0109,N/A,N/A,N/A,30
64,64,"F(4,3)",True,False,8.7733,8.7471,0.0694,0.0248,< 1e-10,Faster,28.92,30
64,64,"F(4,3)",False,True,12.3103,12.2969,0.0766,0.0274,0.03914590939858788,Faster,0.26,30
64,64,"F(4,3)",True,True,8.8056,8.7942,0.0356,0.0128,< 1e-10,Faster,28.66,30
128,128,"F(4,3)",False,False,79.0075,79.2081,0.5614,0.2009,N/A,N/A,N/A,30
128,128,"F(4,3)",True,False,46.1133,46.1006,0.1378,0.0493,< 1e-10,Faster,41.63,30
128,128,"F(4,3)",False,True,77.9719,77.9604,0.2232,0.0799,< 1e-10,Faster,1.31,30
128,128,"F(4,3)",True,True,46.0179,46.0606,0.2128,0.0761,< 1e-10,Faster,41.76,30
