timestamp,method,c_in,c_out,h,w,tile,fused,threads,run_id,latency_ms
2026-07-22T00:04:34.948541,baseline_nonfused,128,128,14,14,"F(2,3)",False,1,0,102.2906660073204
2026-07-22T00:04:34.948541,baseline_nonfused,128,128,14,14,"F(2,3)",False,1,1,77.81254200381227
2026-07-22T00:04:34.948541,baseline_nonfused,128,128,14,14,"F(2,3)",False,1,2,77.17670800047927
2026-07-22T00:04:34.948541,baseline_nonfused,128,128,14,14,"F(2,3)",False,1,3,76.29920799809042
2026-07-22T00:04:34.948541,baseline_nonfused,128,128,14,14,"F(2,3)",False,1,4,76.28200000908691
2026-07-22T00:04:34.948541,fused,128,128,14,14,"F(2,3)",True,1,0,100.44691599614453
2026-07-22T00:04:34.948541,fused,128,128,14,14,"F(2,3)",True,1,1,100.0607919995673
2026-07-22T00:04:34.948541,fused,128,128,14,14,"F(2,3)",True,1,2,100.68904199579265
2026-07-22T00:04:34.948541,fused,128,128,14,14,"F(2,3)",True,1,3,102.89316700072959
2026-07-22T00:04:34.948541,fused,128,128,14,14,"F(2,3)",True,1,4,101.23720900446642
