timestamp,c_in,c_out,mode,fused,threads,regime,run_id,latency_ms
2026-08-14T16:52:09.180718,64,64,fused_1T,True,1,memory_bound,0,1798.0383839999945
2026-08-14T16:52:09.180718,64,64,fused_1T,True,1,memory_bound,1,1793.766509000001
2026-08-14T16:52:09.180718,64,64,fused_1T,True,1,memory_bound,2,1794.4708850000027
2026-08-14T16:52:09.180718,64,64,fused_1T,True,1,memory_bound,3,1793.4559360000007
2026-08-14T16:52:09.180718,64,64,fused_1T,True,1,memory_bound,4,1787.240623999999
2026-08-14T16:52:09.180718,64,64,fused_1T,True,1,memory_bound,5,1789.7342179999996
2026-08-14T16:52:09.180718,64,64,fused_1T,True,1,memory_bound,6,1796.1478640000053
2026-08-14T16:52:09.180718,64,64,fused_1T,True,1,memory_bound,7,1804.2433319999986
2026-08-14T16:52:09.180718,64,64,fused_1T,True,1,memory_bound,8,1793.0887499999953
2026-08-14T16:52:09.180718,64,64,fused_1T,True,1,memory_bound,9,1787.6163020000035
2026-08-14T16:52:09.180718,64,64,fused_1T,True,1,memory_bound,10,1787.795103999997
2026-08-14T16:52:09.180718,64,64,fused_1T,True,1,memory_bound,11,1801.3697390000088
2026-08-14T16:52:09.180718,64,64,fused_1T,True,1,memory_bound,12,1789.7897389999998
2026-08-14T16:52:09.180718,64,64,fused_1T,True,1,memory_bound,13,1788.3885930000076
2026-08-14T16:52:09.180718,64,64,fused_1T,True,1,memory_bound,14,1787.6217180000112
2026-08-14T16:52:09.180718,64,64,fused_1T,True,1,memory_bound,15,1786.6421859999946
2026-08-14T16:52:09.180718,64,64,fused_1T,True,1,memory_bound,16,1789.3845830000005
2026-08-14T16:52:09.180718,64,64,fused_1T,True,1,memory_bound,17,1787.7065609999931
2026-08-14T16:52:09.180718,64,64,fused_1T,True,1,memory_bound,18,1788.9871349999994
2026-08-14T16:52:09.180718,64,64,fused_1T,True,1,memory_bound,19,1790.2160410000079
2026-08-14T16:52:09.180718,64,64,fused_1T,True,1,memory_bound,20,1790.6577600000019
2026-08-14T16:52:09.180718,64,64,fused_1T,True,1,memory_bound,21,1941.755311999998
2026-08-14T16:52:09.180718,64,64,fused_1T,True,1,memory_bound,22,2112.9656240000118
2026-08-14T16:52:09.180718,64,64,fused_1T,True,1,memory_bound,23,2279.6003119999996
2026-08-14T16:52:09.180718,64,64,fused_1T,True,1,memory_bound,24,2204.049738000009
2026-08-14T16:52:09.180718,64,64,fused_1T,True,1,memory_bound,25,2057.1371340000014
2026-08-14T16:52:09.180718,64,64,fused_1T,True,1,memory_bound,26,1977.6467180000027
2026-08-14T16:52:09.180718,64,64,fused_1T,True,1,memory_bound,27,1969.2152599999986
2026-08-14T16:52:09.180718,64,64,fused_1T,True,1,memory_bound,28,1986.8086969999865
2026-08-14T16:52:09.180718,64,64,fused_1T,True,1,memory_bound,29,1975.1549989999971
2026-08-14T16:52:09.180718,64,64,fused_1T,True,1,memory_bound,30,1997.9608319999898
2026-08-14T16:52:09.180718,64,64,fused_1T,True,1,memory_bound,31,1971.0981770000017
2026-08-14T16:52:09.180718,64,64,fused_1T,True,1,memory_bound,32,1989.5021340000058
2026-08-14T16:52:09.180718,64,64,fused_1T,True,1,memory_bound,33,1832.4379159999894
2026-08-14T16:52:09.180718,64,64,fused_1T,True,1,memory_bound,34,1791.9076560000065
2026-08-14T16:52:09.180718,64,64,fused_1T,True,1,memory_bound,35,1793.825623999993
2026-08-14T16:52:09.180718,64,64,fused_1T,True,1,memory_bound,36,1790.2347389999989
2026-08-14T16:52:09.180718,64,64,fused_1T,True,1,memory_bound,37,1791.682551000008
2026-08-14T16:52:09.180718,64,64,fused_1T,True,1,memory_bound,38,1791.8541659999933
2026-08-14T16:52:09.180718,64,64,fused_1T,True,1,memory_bound,39,1789.2654679999964
2026-08-14T16:52:09.180718,64,64,fused_1T,True,1,memory_bound,40,1790.602812000003
2026-08-14T16:52:09.180718,64,64,fused_1T,True,1,memory_bound,41,1823.9198429999988
2026-08-14T16:52:09.180718,64,64,fused_1T,True,1,memory_bound,42,2042.5114570000176
2026-08-14T16:52:09.180718,64,64,fused_1T,True,1,memory_bound,43,1792.1770309999943
2026-08-14T16:52:09.180718,64,64,fused_1T,True,1,memory_bound,44,1795.937447
2026-08-14T16:52:09.180718,64,64,fused_1T,True,1,memory_bound,45,1792.4514580000164
2026-08-14T16:52:09.180718,64,64,fused_1T,True,1,memory_bound,46,1789.7388539999781
2026-08-14T16:52:09.180718,64,64,fused_1T,True,1,memory_bound,47,1791.124687000007
2026-08-14T16:52:09.180718,64,64,fused_1T,True,1,memory_bound,48,1790.9382290000053
2026-08-14T16:52:09.180718,64,64,fused_1T,True,1,memory_bound,49,1790.9010410000121
2026-08-14T16:52:09.180718,64,64,fused_4T,True,4,memory_bound,0,1815.1128119999953
2026-08-14T16:52:09.180718,64,64,fused_4T,True,4,memory_bound,1,1977.808333000013
2026-08-14T16:52:09.180718,64,64,fused_4T,True,4,memory_bound,2,1920.1658329999987
2026-08-14T16:52:09.180718,64,64,fused_4T,True,4,memory_bound,3,1825.9617699999922
2026-08-14T16:52:09.180718,64,64,fused_4T,True,4,memory_bound,4,1797.4447390000137
2026-08-14T16:52:09.180718,64,64,fused_4T,True,4,memory_bound,5,1797.7096349999897
2026-08-14T16:52:09.180718,64,64,fused_4T,True,4,memory_bound,6,1789.3179160000159
2026-08-14T16:52:09.180718,64,64,fused_4T,True,4,memory_bound,7,1790.6593220000104
2026-08-14T16:52:09.180718,64,64,fused_4T,True,4,memory_bound,8,1808.1306240000004
2026-08-14T16:52:09.180718,64,64,fused_4T,True,4,memory_bound,9,1800.1056770000048
2026-08-14T16:52:09.180718,64,64,fused_4T,True,4,memory_bound,10,1793.9119779999828
2026-08-14T16:52:09.180718,64,64,fused_4T,True,4,memory_bound,11,1791.5951550000102
2026-08-14T16:52:09.180718,64,64,fused_4T,True,4,memory_bound,12,1792.324008999998
2026-08-14T16:52:09.180718,64,64,fused_4T,True,4,memory_bound,13,1791.7525519999913
2026-08-14T16:52:09.180718,64,64,fused_4T,True,4,memory_bound,14,1793.36176999999
2026-08-14T16:52:09.180718,64,64,fused_4T,True,4,memory_bound,15,1790.2626549999923
2026-08-14T16:52:09.180718,64,64,fused_4T,True,4,memory_bound,16,1792.4731759999872
2026-08-14T16:52:09.180718,64,64,fused_4T,True,4,memory_bound,17,1791.6139579999992
2026-08-14T16:52:09.180718,64,64,fused_4T,True,4,memory_bound,18,1791.4233320000221
2026-08-14T16:52:09.180718,64,64,fused_4T,True,4,memory_bound,19,1790.9817180000118
2026-08-14T16:52:09.180718,64,64,fused_4T,True,4,memory_bound,20,1793.5292180000033
2026-08-14T16:52:09.180718,64,64,fused_4T,True,4,memory_bound,21,1790.421092999992
2026-08-14T16:52:09.180718,64,64,fused_4T,True,4,memory_bound,22,1791.6115099999956
2026-08-14T16:52:09.180718,64,64,fused_4T,True,4,memory_bound,23,1790.7431760000065
2026-08-14T16:52:09.180718,64,64,fused_4T,True,4,memory_bound,24,1792.3131240000032
2026-08-14T16:52:09.180718,64,64,fused_4T,True,4,memory_bound,25,1792.3462500000085
2026-08-14T16:52:09.180718,64,64,fused_4T,True,4,memory_bound,26,1791.13932300001
2026-08-14T16:52:09.180718,64,64,fused_4T,True,4,memory_bound,27,1792.8720299999839
2026-08-14T16:52:09.180718,64,64,fused_4T,True,4,memory_bound,28,1791.9902599999773
2026-08-14T16:52:09.180718,64,64,fused_4T,True,4,memory_bound,29,1790.4172389999928
2026-08-14T16:52:09.180718,64,64,fused_4T,True,4,memory_bound,30,1789.76677
2026-08-14T16:52:09.180718,64,64,fused_4T,True,4,memory_bound,31,1790.3735409999797
2026-08-14T16:52:09.180718,64,64,fused_4T,True,4,memory_bound,32,1792.0075520000012
2026-08-14T16:52:09.180718,64,64,fused_4T,True,4,memory_bound,33,1791.0248430000024
2026-08-14T16:52:09.180718,64,64,fused_4T,True,4,memory_bound,34,1790.9022389999905
2026-08-14T16:52:09.180718,64,64,fused_4T,True,4,memory_bound,35,1790.3428120000058
2026-08-14T16:52:09.180718,64,64,fused_4T,True,4,memory_bound,36,1791.7663540000035
2026-08-14T16:52:09.180718,64,64,fused_4T,True,4,memory_bound,37,1793.728748999996
2026-08-14T16:52:09.180718,64,64,fused_4T,True,4,memory_bound,38,1792.5790619999873
2026-08-14T16:52:09.180718,64,64,fused_4T,True,4,memory_bound,39,1791.6532810000092
2026-08-14T16:52:09.180718,64,64,fused_4T,True,4,memory_bound,40,1791.8392709999864
2026-08-14T16:52:09.180718,64,64,fused_4T,True,4,memory_bound,41,1790.8731770000088
2026-08-14T16:52:09.180718,64,64,fused_4T,True,4,memory_bound,42,1795.1154159999874
2026-08-14T16:52:09.180718,64,64,fused_4T,True,4,memory_bound,43,1796.0705210000185
2026-08-14T16:52:09.180718,64,64,fused_4T,True,4,memory_bound,44,1794.9973949999958
2026-08-14T16:52:09.180718,64,64,fused_4T,True,4,memory_bound,45,1792.012499000009
2026-08-14T16:52:09.180718,64,64,fused_4T,True,4,memory_bound,46,1790.924270000005
2026-08-14T16:52:09.180718,64,64,fused_4T,True,4,memory_bound,47,1795.9888530000114
2026-08-14T16:52:09.180718,64,64,fused_4T,True,4,memory_bound,48,1791.442915999994
2026-08-14T16:52:09.180718,64,64,fused_4T,True,4,memory_bound,49,1795.2824989999954
2026-08-14T16:52:09.180718,64,64,unfused_1T,False,1,memory_bound,0,1802.9484890000163
2026-08-14T16:52:09.180718,64,64,unfused_1T,False,1,memory_bound,1,1802.5298949999922
2026-08-14T16:52:09.180718,64,64,unfused_1T,False,1,memory_bound,2,1802.8945309999926
2026-08-14T16:52:09.180718,64,64,unfused_1T,False,1,memory_bound,3,1802.4316139999996
2026-08-14T16:52:09.180718,64,64,unfused_1T,False,1,memory_bound,4,1803.6527600000056
2026-08-14T16:52:09.180718,64,64,unfused_1T,False,1,memory_bound,5,1802.8605720000144
2026-08-14T16:52:09.180718,64,64,unfused_1T,False,1,memory_bound,6,1795.6038529999887
2026-08-14T16:52:09.180718,64,64,unfused_1T,False,1,memory_bound,7,1796.3542699999948
2026-08-14T16:52:09.180718,64,64,unfused_1T,False,1,memory_bound,8,1795.4032810000058
2026-08-14T16:52:09.180718,64,64,unfused_1T,False,1,memory_bound,9,1795.039322000008
2026-08-14T16:52:09.180718,64,64,unfused_1T,False,1,memory_bound,10,1795.747342999988
2026-08-14T16:52:09.180718,64,64,unfused_1T,False,1,memory_bound,11,1796.1291139999958
2026-08-14T16:52:09.180718,64,64,unfused_1T,False,1,memory_bound,12,1795.5965099999958
2026-08-14T16:52:09.180718,64,64,unfused_1T,False,1,memory_bound,13,1797.1730200000025
2026-08-14T16:52:09.180718,64,64,unfused_1T,False,1,memory_bound,14,1794.3355200000042
2026-08-14T16:52:09.180718,64,64,unfused_1T,False,1,memory_bound,15,1795.7137500000044
2026-08-14T16:52:09.180718,64,64,unfused_1T,False,1,memory_bound,16,1799.504322999951
2026-08-14T16:52:09.180718,64,64,unfused_1T,False,1,memory_bound,17,1798.941769999999
2026-08-14T16:52:09.180718,64,64,unfused_1T,False,1,memory_bound,18,1796.3996350000002
2026-08-14T16:52:09.180718,64,64,unfused_1T,False,1,memory_bound,19,1795.417446999977
2026-08-14T16:52:09.180718,64,64,unfused_1T,False,1,memory_bound,20,1801.741040999957
2026-08-14T16:52:09.180718,64,64,unfused_1T,False,1,memory_bound,21,1797.1824989999732
2026-08-14T16:52:09.180718,64,64,unfused_1T,False,1,memory_bound,22,1795.3933329999927
2026-08-14T16:52:09.180718,64,64,unfused_1T,False,1,memory_bound,23,1795.7799470000282
2026-08-14T16:52:09.180718,64,64,unfused_1T,False,1,memory_bound,24,1796.0523429999853
2026-08-14T16:52:09.180718,64,64,unfused_1T,False,1,memory_bound,25,1794.5967189999692
2026-08-14T16:52:09.180718,64,64,unfused_1T,False,1,memory_bound,26,1800.1625509999712
2026-08-14T16:52:09.180718,64,64,unfused_1T,False,1,memory_bound,27,1798.4952070000304
2026-08-14T16:52:09.180718,64,64,unfused_1T,False,1,memory_bound,28,1798.959582000009
2026-08-14T16:52:09.180718,64,64,unfused_1T,False,1,memory_bound,29,1809.5497390000332
2026-08-14T16:52:09.180718,64,64,unfused_1T,False,1,memory_bound,30,1796.4640089999762
2026-08-14T16:52:09.180718,64,64,unfused_1T,False,1,memory_bound,31,1796.4009880000162
2026-08-14T16:52:09.180718,64,64,unfused_1T,False,1,memory_bound,32,1797.009479000053
2026-08-14T16:52:09.180718,64,64,unfused_1T,False,1,memory_bound,33,1796.664791000012
2026-08-14T16:52:09.180718,64,64,unfused_1T,False,1,memory_bound,34,1795.6176039999718
2026-08-14T16:52:09.180718,64,64,unfused_1T,False,1,memory_bound,35,1794.8531250000315
2026-08-14T16:52:09.180718,64,64,unfused_1T,False,1,memory_bound,36,1795.9304679999946
2026-08-14T16:52:09.180718,64,64,unfused_1T,False,1,memory_bound,37,1797.6852069999723
2026-08-14T16:52:09.180718,64,64,unfused_1T,False,1,memory_bound,38,1798.687239000003
2026-08-14T16:52:09.180718,64,64,unfused_1T,False,1,memory_bound,39,1797.139843000025
2026-08-14T16:52:09.180718,64,64,unfused_1T,False,1,memory_bound,40,1795.955728000024
2026-08-14T16:52:09.180718,64,64,unfused_1T,False,1,memory_bound,41,1796.7623949999734
2026-08-14T16:52:09.180718,64,64,unfused_1T,False,1,memory_bound,42,1796.986822000008
2026-08-14T16:52:09.180718,64,64,unfused_1T,False,1,memory_bound,43,1785.3661969999735
2026-08-14T16:52:09.180718,64,64,unfused_1T,False,1,memory_bound,44,1771.3669780000032
2026-08-14T16:52:09.180718,64,64,unfused_1T,False,1,memory_bound,45,1768.85786400004
2026-08-14T16:52:09.180718,64,64,unfused_1T,False,1,memory_bound,46,1769.2126559999792
2026-08-14T16:52:09.180718,64,64,unfused_1T,False,1,memory_bound,47,1768.6830730000338
2026-08-14T16:52:09.180718,64,64,unfused_1T,False,1,memory_bound,48,1770.6022909999888
2026-08-14T16:52:09.180718,64,64,unfused_1T,False,1,memory_bound,49,1772.5136450000036
2026-08-14T16:52:09.180718,64,64,unfused_4T,False,4,memory_bound,0,1777.903906000006
2026-08-14T16:52:09.180718,64,64,unfused_4T,False,4,memory_bound,1,1776.3942179999503
2026-08-14T16:52:09.180718,64,64,unfused_4T,False,4,memory_bound,2,1777.8455199999712
2026-08-14T16:52:09.180718,64,64,unfused_4T,False,4,memory_bound,3,1778.1834369999956
2026-08-14T16:52:09.180718,64,64,unfused_4T,False,4,memory_bound,4,1780.6253640000023
2026-08-14T16:52:09.180718,64,64,unfused_4T,False,4,memory_bound,5,1782.4482280000211
2026-08-14T16:52:09.180718,64,64,unfused_4T,False,4,memory_bound,6,1772.805624
2026-08-14T16:52:09.180718,64,64,unfused_4T,False,4,memory_bound,7,1769.1327079999724
2026-08-14T16:52:09.180718,64,64,unfused_4T,False,4,memory_bound,8,1769.9796869999886
2026-08-14T16:52:09.180718,64,64,unfused_4T,False,4,memory_bound,9,1787.734166000007
2026-08-14T16:52:09.180718,64,64,unfused_4T,False,4,memory_bound,10,1769.3802599999913
2026-08-14T16:52:09.180718,64,64,unfused_4T,False,4,memory_bound,11,1774.339686000019
2026-08-14T16:52:09.180718,64,64,unfused_4T,False,4,memory_bound,12,1771.295364000025
2026-08-14T16:52:09.180718,64,64,unfused_4T,False,4,memory_bound,13,1772.372603000008
2026-08-14T16:52:09.180718,64,64,unfused_4T,False,4,memory_bound,14,1779.6374990000459
2026-08-14T16:52:09.180718,64,64,unfused_4T,False,4,memory_bound,15,1765.8591139999658
2026-08-14T16:52:09.180718,64,64,unfused_4T,False,4,memory_bound,16,1764.84041599997
2026-08-14T16:52:09.180718,64,64,unfused_4T,False,4,memory_bound,17,1765.2040090000014
2026-08-14T16:52:09.180718,64,64,unfused_4T,False,4,memory_bound,18,1769.197135000013
2026-08-14T16:52:09.180718,64,64,unfused_4T,False,4,memory_bound,19,1765.5304680000086
2026-08-14T16:52:09.180718,64,64,unfused_4T,False,4,memory_bound,20,1767.6980200000116
2026-08-14T16:52:09.180718,64,64,unfused_4T,False,4,memory_bound,21,1768.0785410000226
2026-08-14T16:52:09.180718,64,64,unfused_4T,False,4,memory_bound,22,1765.3489059999856
2026-08-14T16:52:09.180718,64,64,unfused_4T,False,4,memory_bound,23,1769.1547910000054
2026-08-14T16:52:09.180718,64,64,unfused_4T,False,4,memory_bound,24,1771.211979000043
2026-08-14T16:52:09.180718,64,64,unfused_4T,False,4,memory_bound,25,1766.4323430000195
2026-08-14T16:52:09.180718,64,64,unfused_4T,False,4,memory_bound,26,1770.883592999951
2026-08-14T16:52:09.180718,64,64,unfused_4T,False,4,memory_bound,27,1767.8554159999749
2026-08-14T16:52:09.180718,64,64,unfused_4T,False,4,memory_bound,28,1765.6883330000142
2026-08-14T16:52:09.180718,64,64,unfused_4T,False,4,memory_bound,29,1766.228696999974
2026-08-14T16:52:09.180718,64,64,unfused_4T,False,4,memory_bound,30,1769.2730200000142
2026-08-14T16:52:09.180718,64,64,unfused_4T,False,4,memory_bound,31,1767.8760410000223
2026-08-14T16:52:09.180718,64,64,unfused_4T,False,4,memory_bound,32,1768.1080730000076
2026-08-14T16:52:09.180718,64,64,unfused_4T,False,4,memory_bound,33,1767.5880209999946
2026-08-14T16:52:09.180718,64,64,unfused_4T,False,4,memory_bound,34,1768.6165620000338
2026-08-14T16:52:09.180718,64,64,unfused_4T,False,4,memory_bound,35,1769.4012489999977
2026-08-14T16:52:09.180718,64,64,unfused_4T,False,4,memory_bound,36,1769.7786969999925
2026-08-14T16:52:09.180718,64,64,unfused_4T,False,4,memory_bound,37,1769.3105199999763
2026-08-14T16:52:09.180718,64,64,unfused_4T,False,4,memory_bound,38,1767.6010929999961
2026-08-14T16:52:09.180718,64,64,unfused_4T,False,4,memory_bound,39,1775.2971860000457
2026-08-14T16:52:09.180718,64,64,unfused_4T,False,4,memory_bound,40,1769.0039049999768
2026-08-14T16:52:09.180718,64,64,unfused_4T,False,4,memory_bound,41,1768.80281199999
2026-08-14T16:52:09.180718,64,64,unfused_4T,False,4,memory_bound,42,1768.4629679999944
2026-08-14T16:52:09.180718,64,64,unfused_4T,False,4,memory_bound,43,1773.409269999945
2026-08-14T16:52:09.180718,64,64,unfused_4T,False,4,memory_bound,44,1769.082031000039
2026-08-14T16:52:09.180718,64,64,unfused_4T,False,4,memory_bound,45,1768.3470829999806
2026-08-14T16:52:09.180718,64,64,unfused_4T,False,4,memory_bound,46,1767.652811000005
2026-08-14T16:52:09.180718,64,64,unfused_4T,False,4,memory_bound,47,1768.374687000005
2026-08-14T16:52:09.180718,64,64,unfused_4T,False,4,memory_bound,48,1769.479113999978
2026-08-14T16:52:09.180718,64,64,unfused_4T,False,4,memory_bound,49,1772.0528639999884
2026-08-14T16:52:09.180718,64,64,policy,False,4,memory_bound,0,1791.9743740000058
2026-08-14T16:52:09.180718,64,64,policy,False,4,memory_bound,1,1771.837655000013
2026-08-14T16:52:09.180718,64,64,policy,False,4,memory_bound,2,1770.8590100000379
2026-08-14T16:52:09.180718,64,64,policy,False,4,memory_bound,3,1771.0217709999938
2026-08-14T16:52:09.180718,64,64,policy,False,4,memory_bound,4,1772.8911450000169
2026-08-14T16:52:09.180718,64,64,policy,False,4,memory_bound,5,1770.0811969999677
2026-08-14T16:52:09.180718,64,64,policy,False,4,memory_bound,6,1767.8463020000095
2026-08-14T16:52:09.180718,64,64,policy,False,4,memory_bound,7,1761.2016659999767
2026-08-14T16:52:09.180718,64,64,policy,False,4,memory_bound,8,1764.3096340000284
2026-08-14T16:52:09.180718,64,64,policy,False,4,memory_bound,9,1763.274530999979
2026-08-14T16:52:09.180718,64,64,policy,False,4,memory_bound,10,1764.1979160000005
2026-08-14T16:52:09.180718,64,64,policy,False,4,memory_bound,11,1765.884165999978
2026-08-14T16:52:09.180718,64,64,policy,False,4,memory_bound,12,1768.7292699999944
2026-08-14T16:52:09.180718,64,64,policy,False,4,memory_bound,13,1766.4934370000083
2026-08-14T16:52:09.180718,64,64,policy,False,4,memory_bound,14,1763.6448949999703
2026-08-14T16:52:09.180718,64,64,policy,False,4,memory_bound,15,1768.6127599999963
2026-08-14T16:52:09.180718,64,64,policy,False,4,memory_bound,16,1764.9153120000278
2026-08-14T16:52:09.180718,64,64,policy,False,4,memory_bound,17,1766.9769780000024
2026-08-14T16:52:09.180718,64,64,policy,False,4,memory_bound,18,1765.8690100000172
2026-08-14T16:52:09.180718,64,64,policy,False,4,memory_bound,19,1767.678071999967
2026-08-14T16:52:09.180718,64,64,policy,False,4,memory_bound,20,1767.3601029999872
2026-08-14T16:52:09.180718,64,64,policy,False,4,memory_bound,21,1769.095988999993
2026-08-14T16:52:09.180718,64,64,policy,False,4,memory_bound,22,1765.4010410000183
2026-08-14T16:52:09.180718,64,64,policy,False,4,memory_bound,23,1769.720312000004
2026-08-14T16:52:09.180718,64,64,policy,False,4,memory_bound,24,1765.8874480000009
2026-08-14T16:52:09.180718,64,64,policy,False,4,memory_bound,25,1764.9874990000285
2026-08-14T16:52:09.180718,64,64,policy,False,4,memory_bound,26,1765.7674470000302
2026-08-14T16:52:09.180718,64,64,policy,False,4,memory_bound,27,1770.1619789999654
2026-08-14T16:52:09.180718,64,64,policy,False,4,memory_bound,28,1768.7606240000378
2026-08-14T16:52:09.180718,64,64,policy,False,4,memory_bound,29,1766.1626560000059
2026-08-14T16:52:09.180718,64,64,policy,False,4,memory_bound,30,1767.3211449999826
2026-08-14T16:52:09.180718,64,64,policy,False,4,memory_bound,31,1765.0126030000024
2026-08-14T16:52:09.180718,64,64,policy,False,4,memory_bound,32,1771.1116659999675
2026-08-14T16:52:09.180718,64,64,policy,False,4,memory_bound,33,1766.6203119999864
2026-08-14T16:52:09.180718,64,64,policy,False,4,memory_bound,34,1767.5635409999586
2026-08-14T16:52:09.180718,64,64,policy,False,4,memory_bound,35,1778.827238999952
2026-08-14T16:52:09.180718,64,64,policy,False,4,memory_bound,36,1763.9208840000151
2026-08-14T16:52:09.180718,64,64,policy,False,4,memory_bound,37,1763.5614569999802
2026-08-14T16:52:09.180718,64,64,policy,False,4,memory_bound,38,1764.9854160000018
2026-08-14T16:52:09.180718,64,64,policy,False,4,memory_bound,39,1765.5767699999956
2026-08-14T16:52:09.180718,64,64,policy,False,4,memory_bound,40,1767.9265099999952
2026-08-14T16:52:09.180718,64,64,policy,False,4,memory_bound,41,1768.0763010000078
2026-08-14T16:52:09.180718,64,64,policy,False,4,memory_bound,42,1766.5611449999687
2026-08-14T16:52:09.180718,64,64,policy,False,4,memory_bound,43,1764.4206240000244
2026-08-14T16:52:09.180718,64,64,policy,False,4,memory_bound,44,1766.3321349999705
2026-08-14T16:52:09.180718,64,64,policy,False,4,memory_bound,45,1765.3274479999936
2026-08-14T16:52:09.180718,64,64,policy,False,4,memory_bound,46,1768.25218700003
2026-08-14T16:52:09.180718,64,64,policy,False,4,memory_bound,47,1767.1288540000205
2026-08-14T16:52:09.180718,64,64,policy,False,4,memory_bound,48,1764.368697000009
2026-08-14T16:52:09.180718,64,64,policy,False,4,memory_bound,49,1765.4680199999575
2026-08-14T16:52:09.180718,128,128,fused_1T,True,1,memory_bound,0,7596.346143000005
2026-08-14T16:52:09.180718,128,128,fused_1T,True,1,memory_bound,1,7563.89437200005
2026-08-14T16:52:09.180718,128,128,fused_1T,True,1,memory_bound,2,7540.210935000005
2026-08-14T16:52:09.180718,128,128,fused_1T,True,1,memory_bound,3,7524.523069999987
2026-08-14T16:52:09.180718,128,128,fused_1T,True,1,memory_bound,4,7567.996768000057
2026-08-14T16:52:09.180718,128,128,fused_1T,True,1,memory_bound,5,7531.593173999909
2026-08-14T16:52:09.180718,128,128,fused_1T,True,1,memory_bound,6,7528.366924000011
2026-08-14T16:52:09.180718,128,128,fused_1T,True,1,memory_bound,7,7521.174059000032
2026-08-14T16:52:09.180718,128,128,fused_1T,True,1,memory_bound,8,7521.995673999982
2026-08-14T16:52:09.180718,128,128,fused_1T,True,1,memory_bound,9,7532.888070000013
2026-08-14T16:52:09.180718,128,128,fused_1T,True,1,memory_bound,10,7538.617810000005
2026-08-14T16:52:09.180718,128,128,fused_1T,True,1,memory_bound,11,7520.483227
2026-08-14T16:52:09.180718,128,128,fused_1T,True,1,memory_bound,12,7520.8523410000225
2026-08-14T16:52:09.180718,128,128,fused_1T,True,1,memory_bound,13,7592.181820000064
2026-08-14T16:52:09.180718,128,128,fused_1T,True,1,memory_bound,14,7532.347601999959
2026-08-14T16:52:09.180718,128,128,fused_1T,True,1,memory_bound,15,7520.043122000061
2026-08-14T16:52:09.180718,128,128,fused_1T,True,1,memory_bound,16,7528.4453090000625
2026-08-14T16:52:09.180718,128,128,fused_1T,True,1,memory_bound,17,7543.58046599998
2026-08-14T16:52:09.180718,128,128,fused_1T,True,1,memory_bound,18,7546.03254899996
2026-08-14T16:52:09.180718,128,128,fused_1T,True,1,memory_bound,19,7525.798226000006
2026-08-14T16:52:09.180718,128,128,fused_1T,True,1,memory_bound,20,7530.396456000062
2026-08-14T16:52:09.180718,128,128,fused_1T,True,1,memory_bound,21,7576.5485909998915
2026-08-14T16:52:09.180718,128,128,fused_1T,True,1,memory_bound,22,7542.414840999982
2026-08-14T16:52:09.180718,128,128,fused_1T,True,1,memory_bound,23,7524.253069999986
2026-08-14T16:52:09.180718,128,128,fused_1T,True,1,memory_bound,24,7528.398904000028
2026-08-14T16:52:09.180718,128,128,fused_1T,True,1,memory_bound,25,7552.390985999978
2026-08-14T16:52:09.180718,128,128,fused_1T,True,1,memory_bound,26,7555.5851529999245
2026-08-14T16:52:09.180718,128,128,fused_1T,True,1,memory_bound,27,7543.497809999963
2026-08-14T16:52:09.180718,128,128,fused_1T,True,1,memory_bound,28,7548.830882999937
2026-08-14T16:52:09.180718,128,128,fused_1T,True,1,memory_bound,29,7588.502704999996
2026-08-14T16:52:09.180718,128,128,fused_1T,True,1,memory_bound,30,7549.495934999982
2026-08-14T16:52:09.180718,128,128,fused_1T,True,1,memory_bound,31,7525.863277999974
2026-08-14T16:52:09.180718,128,128,fused_1T,True,1,memory_bound,32,7527.989841000021
2026-08-14T16:52:09.180718,128,128,fused_1T,True,1,memory_bound,33,7533.968590999962
2026-08-14T16:52:09.180718,128,128,fused_1T,True,1,memory_bound,34,7541.914475999988
2026-08-14T16:52:09.180718,128,128,fused_1T,True,1,memory_bound,35,7519.116975999964
2026-08-14T16:52:09.180718,128,128,fused_1T,True,1,memory_bound,36,7528.0156229999875
2026-08-14T16:52:09.180718,128,128,fused_1T,True,1,memory_bound,37,7540.018381999971
2026-08-14T16:52:09.180718,128,128,fused_1T,True,1,memory_bound,38,7588.688486000024
2026-08-14T16:52:09.180718,128,128,fused_1T,True,1,memory_bound,39,7525.036976000024
2026-08-14T16:52:09.180718,128,128,fused_1T,True,1,memory_bound,40,7525.87499699996
2026-08-14T16:52:09.180718,128,128,fused_1T,True,1,memory_bound,41,7530.490414000042
2026-08-14T16:52:09.180718,128,128,fused_1T,True,1,memory_bound,42,7539.166924000028
2026-08-14T16:52:09.180718,128,128,fused_1T,True,1,memory_bound,43,7527.690517999986
2026-08-14T16:52:09.180718,128,128,fused_1T,True,1,memory_bound,44,7527.339787999949
2026-08-14T16:52:09.180718,128,128,fused_1T,True,1,memory_bound,45,7544.395725999948
2026-08-14T16:52:09.180718,128,128,fused_1T,True,1,memory_bound,46,7569.981611000003
2026-08-14T16:52:09.180718,128,128,fused_1T,True,1,memory_bound,47,7525.895986000023
2026-08-14T16:52:09.180718,128,128,fused_1T,True,1,memory_bound,48,7533.861716000047
2026-08-14T16:52:09.180718,128,128,fused_1T,True,1,memory_bound,49,7539.6215600000005
2026-08-14T16:52:09.180718,128,128,fused_4T,True,4,memory_bound,0,7639.686766999944
2026-08-14T16:52:09.180718,128,128,fused_4T,True,4,memory_bound,1,7592.148382000005
2026-08-14T16:52:09.180718,128,128,fused_4T,True,4,memory_bound,2,7540.1258310000685
2026-08-14T16:52:09.180718,128,128,fused_4T,True,4,memory_bound,3,7571.07838200011
2026-08-14T16:52:09.180718,128,128,fused_4T,True,4,memory_bound,4,7563.097602000084
2026-08-14T16:52:09.180718,128,128,fused_4T,True,4,memory_bound,5,7552.6369239998985
2026-08-14T16:52:09.180718,128,128,fused_4T,True,4,memory_bound,6,7539.149528999928
2026-08-14T16:52:09.180718,128,128,fused_4T,True,4,memory_bound,7,7530.165465999971
2026-08-14T16:52:09.180718,128,128,fused_4T,True,4,memory_bound,8,7545.132185000057
2026-08-14T16:52:09.180718,128,128,fused_4T,True,4,memory_bound,9,7528.905258000009
2026-08-14T16:52:09.180718,128,128,fused_4T,True,4,memory_bound,10,7532.849476000024
2026-08-14T16:52:09.180718,128,128,fused_4T,True,4,memory_bound,11,7537.267964999955
2026-08-14T16:52:09.180718,128,128,fused_4T,True,4,memory_bound,12,7532.758329999979
2026-08-14T16:52:09.180718,128,128,fused_4T,True,4,memory_bound,13,7587.208382999961
2026-08-14T16:52:09.180718,128,128,fused_4T,True,4,memory_bound,14,7543.582184999991
2026-08-14T16:52:09.180718,128,128,fused_4T,True,4,memory_bound,15,7548.062237000067
2026-08-14T16:52:09.180718,128,128,fused_4T,True,4,memory_bound,16,7563.692340999978
2026-08-14T16:52:09.180718,128,128,fused_4T,True,4,memory_bound,17,7537.54656000001
2026-08-14T16:52:09.180718,128,128,fused_4T,True,4,memory_bound,18,7539.888746999964
2026-08-14T16:52:09.180718,128,128,fused_4T,True,4,memory_bound,19,7549.023070999965
2026-08-14T16:52:09.180718,128,128,fused_4T,True,4,memory_bound,20,7538.738747000025
2026-08-14T16:52:09.180718,128,128,fused_4T,True,4,memory_bound,21,7576.9599969999035
2026-08-14T16:52:09.180718,128,128,fused_4T,True,4,memory_bound,22,7529.793435000101
2026-08-14T16:52:09.180718,128,128,fused_4T,True,4,memory_bound,23,7545.507965999832
2026-08-14T16:52:09.180718,128,128,fused_4T,True,4,memory_bound,24,7559.474163999994
2026-08-14T16:52:09.180718,128,128,fused_4T,True,4,memory_bound,25,7543.398591000141
2026-08-14T16:52:09.180718,128,128,fused_4T,True,4,memory_bound,26,7546.589476000008
2026-08-14T16:52:09.180718,128,128,fused_4T,True,4,memory_bound,27,7563.759319999917
2026-08-14T16:52:09.180718,128,128,fused_4T,True,4,memory_bound,28,7552.577029000076
2026-08-14T16:52:09.180718,128,128,fused_4T,True,4,memory_bound,29,7558.421872000054
2026-08-14T16:52:09.180718,128,128,fused_4T,True,4,memory_bound,30,7569.442132999939
2026-08-14T16:52:09.180718,128,128,fused_4T,True,4,memory_bound,31,7544.353954999906
2026-08-14T16:52:09.180718,128,128,fused_4T,True,4,memory_bound,32,7543.508591000091
2026-08-14T16:52:09.180718,128,128,fused_4T,True,4,memory_bound,33,7529.723955000009
2026-08-14T16:52:09.180718,128,128,fused_4T,True,4,memory_bound,34,7530.1059860000805
2026-08-14T16:52:09.180718,128,128,fused_4T,True,4,memory_bound,35,7531.853748000003
2026-08-14T16:52:09.180718,128,128,fused_4T,True,4,memory_bound,36,7540.3162990000965
2026-08-14T16:52:09.180718,128,128,fused_4T,True,4,memory_bound,37,7530.185361999884
2026-08-14T16:52:09.180718,128,128,fused_4T,True,4,memory_bound,38,7582.135465999954
2026-08-14T16:52:09.180718,128,128,fused_4T,True,4,memory_bound,39,7547.1058309999535
2026-08-14T16:52:09.180718,128,128,fused_4T,True,4,memory_bound,40,7532.478070000025
2026-08-14T16:52:09.180718,128,128,fused_4T,True,4,memory_bound,41,7531.077758000038
2026-08-14T16:52:09.180718,128,128,fused_4T,True,4,memory_bound,42,7536.74296600002
2026-08-14T16:52:09.180718,128,128,fused_4T,True,4,memory_bound,43,7560.801924000089
2026-08-14T16:52:09.180718,128,128,fused_4T,True,4,memory_bound,44,7540.289789000099
2026-08-14T16:52:09.180718,128,128,fused_4T,True,4,memory_bound,45,7536.910881999802
2026-08-14T16:52:09.180718,128,128,fused_4T,True,4,memory_bound,46,7563.712914000007
2026-08-14T16:52:09.180718,128,128,fused_4T,True,4,memory_bound,47,7534.389632999819
2026-08-14T16:52:09.180718,128,128,fused_4T,True,4,memory_bound,48,7548.186246999876
2026-08-14T16:52:09.180718,128,128,fused_4T,True,4,memory_bound,49,7533.001247000129
2026-08-14T16:52:09.180718,128,128,unfused_1T,False,1,memory_bound,0,7586.143591000109
2026-08-14T16:52:09.180718,128,128,unfused_1T,False,1,memory_bound,1,7554.644267999947
2026-08-14T16:52:09.180718,128,128,unfused_1T,False,1,memory_bound,2,7515.979996999931
2026-08-14T16:52:09.180718,128,128,unfused_1T,False,1,memory_bound,3,7519.470102000014
2026-08-14T16:52:09.180718,128,128,unfused_1T,False,1,memory_bound,4,7528.605152999944
2026-08-14T16:52:09.180718,128,128,unfused_1T,False,1,memory_bound,5,7571.334840999953
2026-08-14T16:52:09.180718,128,128,unfused_1T,False,1,memory_bound,6,7535.633434999909
2026-08-14T16:52:09.180718,128,128,unfused_1T,False,1,memory_bound,7,7516.614527999991
2026-08-14T16:52:09.180718,128,128,unfused_1T,False,1,memory_bound,8,7524.542237000105
2026-08-14T16:52:09.180718,128,128,unfused_1T,False,1,memory_bound,9,7528.382601999965
2026-08-14T16:52:09.180718,128,128,unfused_1T,False,1,memory_bound,10,7521.68650700014
2026-08-14T16:52:09.180718,128,128,unfused_1T,False,1,memory_bound,11,7526.672080000026
2026-08-14T16:52:09.180718,128,128,unfused_1T,False,1,memory_bound,12,7524.334944999964
2026-08-14T16:52:09.180718,128,128,unfused_1T,False,1,memory_bound,13,7571.305517999917
2026-08-14T16:52:09.180718,128,128,unfused_1T,False,1,memory_bound,14,7541.9794240001465
2026-08-14T16:52:09.180718,128,128,unfused_1T,False,1,memory_bound,15,7520.533382999929
2026-08-14T16:52:09.180718,128,128,unfused_1T,False,1,memory_bound,16,7524.041612000019
2026-08-14T16:52:09.180718,128,128,unfused_1T,False,1,memory_bound,17,7556.83051799997
2026-08-14T16:52:09.180718,128,128,unfused_1T,False,1,memory_bound,18,7733.5623930000565
2026-08-14T16:52:09.180718,128,128,unfused_1T,False,1,memory_bound,19,7532.47614299994
2026-08-14T16:52:09.180718,128,128,unfused_1T,False,1,memory_bound,20,7533.740205999948
2026-08-14T16:52:09.180718,128,128,unfused_1T,False,1,memory_bound,21,7585.038173999919
2026-08-14T16:52:09.180718,128,128,unfused_1T,False,1,memory_bound,22,7545.294216000002
2026-08-14T16:52:09.180718,128,128,unfused_1T,False,1,memory_bound,23,7531.040049000012
2026-08-14T16:52:09.180718,128,128,unfused_1T,False,1,memory_bound,24,7530.1896320002015
2026-08-14T16:52:09.180718,128,128,unfused_1T,False,1,memory_bound,25,7538.82343500004
2026-08-14T16:52:09.180718,128,128,unfused_1T,False,1,memory_bound,26,7526.327912999932
2026-08-14T16:52:09.180718,128,128,unfused_1T,False,1,memory_bound,27,7529.427080999994
2026-08-14T16:52:09.180718,128,128,unfused_1T,False,1,memory_bound,28,7535.198589999936
2026-08-14T16:52:09.180718,128,128,unfused_1T,False,1,memory_bound,29,7541.270621999956
2026-08-14T16:52:09.180718,128,128,unfused_1T,False,1,memory_bound,30,7571.733590999884
2026-08-14T16:52:09.180718,128,128,unfused_1T,False,1,memory_bound,31,7522.215518000166
2026-08-14T16:52:09.180718,128,128,unfused_1T,False,1,memory_bound,32,7527.668902999949
2026-08-14T16:52:09.180718,128,128,unfused_1T,False,1,memory_bound,33,7526.89202900001
2026-08-14T16:52:09.180718,128,128,unfused_1T,False,1,memory_bound,34,7537.54796599992
2026-08-14T16:52:09.180718,128,128,unfused_1T,False,1,memory_bound,35,7525.2795280000555
2026-08-14T16:52:09.180718,128,128,unfused_1T,False,1,memory_bound,36,7519.868487000167
2026-08-14T16:52:09.180718,128,128,unfused_1T,False,1,memory_bound,37,7532.599737000055
2026-08-14T16:52:09.180718,128,128,unfused_1T,False,1,memory_bound,38,7599.983903000066
2026-08-14T16:52:09.180718,128,128,unfused_1T,False,1,memory_bound,39,7521.707965999894
2026-08-14T16:52:09.180718,128,128,unfused_1T,False,1,memory_bound,40,7528.061871999853
2026-08-14T16:52:09.180718,128,128,unfused_1T,False,1,memory_bound,41,7527.227602000039
2026-08-14T16:52:09.180718,128,128,unfused_1T,False,1,memory_bound,42,7533.629007999934
2026-08-14T16:52:09.180718,128,128,unfused_1T,False,1,memory_bound,43,7558.364424000047
2026-08-14T16:52:09.180718,128,128,unfused_1T,False,1,memory_bound,44,7681.65223699998
2026-08-14T16:52:09.180718,128,128,unfused_1T,False,1,memory_bound,45,7685.285935000138
2026-08-14T16:52:09.180718,128,128,unfused_1T,False,1,memory_bound,46,7721.344788000124
2026-08-14T16:52:09.180718,128,128,unfused_1T,False,1,memory_bound,47,7683.050725999919
2026-08-14T16:52:09.180718,128,128,unfused_1T,False,1,memory_bound,48,7671.822496999994
2026-08-14T16:52:09.180718,128,128,unfused_1T,False,1,memory_bound,49,7679.964319999954
2026-08-14T16:52:09.180718,128,128,unfused_4T,False,4,memory_bound,0,7728.988226999945
2026-08-14T16:52:09.180718,128,128,unfused_4T,False,4,memory_bound,1,7695.097340999837
2026-08-14T16:52:09.180718,128,128,unfused_4T,False,4,memory_bound,2,7657.970831000057
2026-08-14T16:52:09.180718,128,128,unfused_4T,False,4,memory_bound,3,7680.424736999839
2026-08-14T16:52:09.180718,128,128,unfused_4T,False,4,memory_bound,4,7694.513279000148
2026-08-14T16:52:09.180718,128,128,unfused_4T,False,4,memory_bound,5,7694.098695000093
2026-08-14T16:52:09.180718,128,128,unfused_4T,False,4,memory_bound,6,7675.333121999984
2026-08-14T16:52:09.180718,128,128,unfused_4T,False,4,memory_bound,7,7686.999319000051
2026-08-14T16:52:09.180718,128,128,unfused_4T,False,4,memory_bound,8,7672.149110999953
2026-08-14T16:52:09.180718,128,128,unfused_4T,False,4,memory_bound,9,7675.914006999847
2026-08-14T16:52:09.180718,128,128,unfused_4T,False,4,memory_bound,10,7666.8850490000295
2026-08-14T16:52:09.180718,128,128,unfused_4T,False,4,memory_bound,11,7689.199111000107
2026-08-14T16:52:09.180718,128,128,unfused_4T,False,4,memory_bound,12,7674.464684999975
2026-08-14T16:52:09.180718,128,128,unfused_4T,False,4,memory_bound,13,7721.541037999941
2026-08-14T16:52:09.180718,128,128,unfused_4T,False,4,memory_bound,14,7672.019840000075
2026-08-14T16:52:09.180718,128,128,unfused_4T,False,4,memory_bound,15,7673.813121999956
2026-08-14T16:52:09.180718,128,128,unfused_4T,False,4,memory_bound,16,7671.537393000108
2026-08-14T16:52:09.180718,128,128,unfused_4T,False,4,memory_bound,17,7667.005778999965
2026-08-14T16:52:09.180718,128,128,unfused_4T,False,4,memory_bound,18,7665.5694240000685
2026-08-14T16:52:09.180718,128,128,unfused_4T,False,4,memory_bound,19,7681.642132999968
2026-08-14T16:52:09.180718,128,128,unfused_4T,False,4,memory_bound,20,7671.138381999981
2026-08-14T16:52:09.180718,128,128,unfused_4T,False,4,memory_bound,21,7703.527079999958
2026-08-14T16:52:09.180718,128,128,unfused_4T,False,4,memory_bound,22,7671.787080000058
2026-08-14T16:52:09.180718,128,128,unfused_4T,False,4,memory_bound,23,7674.524163999877
2026-08-14T16:52:09.180718,128,128,unfused_4T,False,4,memory_bound,24,7666.266195000162
2026-08-14T16:52:09.180718,128,128,unfused_4T,False,4,memory_bound,25,7669.287862000147
2026-08-14T16:52:09.180718,128,128,unfused_4T,False,4,memory_bound,26,7664.434841000002
2026-08-14T16:52:09.180718,128,128,unfused_4T,False,4,memory_bound,27,7678.489788999968
2026-08-14T16:52:09.180718,128,128,unfused_4T,False,4,memory_bound,28,7664.065308999852
2026-08-14T16:52:09.180718,128,128,unfused_4T,False,4,memory_bound,29,7717.519267999933
2026-08-14T16:52:09.180718,128,128,unfused_4T,False,4,memory_bound,30,7668.455048999931
2026-08-14T16:52:09.180718,128,128,unfused_4T,False,4,memory_bound,31,7675.070517999984
2026-08-14T16:52:09.180718,128,128,unfused_4T,False,4,memory_bound,32,7667.165622000084
2026-08-14T16:52:09.180718,128,128,unfused_4T,False,4,memory_bound,33,7667.363902999796
2026-08-14T16:52:09.180718,128,128,unfused_4T,False,4,memory_bound,34,7676.672653999958
2026-08-14T16:52:09.180718,128,128,unfused_4T,False,4,memory_bound,35,7879.313798999874
2026-08-14T16:52:09.180718,128,128,unfused_4T,False,4,memory_bound,36,7664.113382000096
2026-08-14T16:52:09.180718,128,128,unfused_4T,False,4,memory_bound,37,7682.8454129999955
2026-08-14T16:52:09.180718,128,128,unfused_4T,False,4,memory_bound,38,7564.556455000002
2026-08-14T16:52:09.180718,128,128,unfused_4T,False,4,memory_bound,39,7568.633382000144
2026-08-14T16:52:09.180718,128,128,unfused_4T,False,4,memory_bound,40,7556.818904000011
2026-08-14T16:52:09.180718,128,128,unfused_4T,False,4,memory_bound,41,7558.372497999926
2026-08-14T16:52:09.180718,128,128,unfused_4T,False,4,memory_bound,42,7565.288487000089
2026-08-14T16:52:09.180718,128,128,unfused_4T,False,4,memory_bound,43,7563.432600999931
2026-08-14T16:52:09.180718,128,128,unfused_4T,False,4,memory_bound,44,7552.236194999978
2026-08-14T16:52:09.180718,128,128,unfused_4T,False,4,memory_bound,45,7564.85853900017
2026-08-14T16:52:09.180718,128,128,unfused_4T,False,4,memory_bound,46,7591.260778000105
2026-08-14T16:52:09.180718,128,128,unfused_4T,False,4,memory_bound,47,7566.834424000035
2026-08-14T16:52:09.180718,128,128,unfused_4T,False,4,memory_bound,48,7552.739944999985
2026-08-14T16:52:09.180718,128,128,unfused_4T,False,4,memory_bound,49,7538.285986000119
2026-08-14T16:52:09.180718,128,128,policy,False,4,memory_bound,0,7711.263746999975
2026-08-14T16:52:09.180718,128,128,policy,False,4,memory_bound,1,7686.005309000166
2026-08-14T16:52:09.180718,128,128,policy,False,4,memory_bound,2,7662.61239299979
2026-08-14T16:52:09.180718,128,128,policy,False,4,memory_bound,3,7659.732236999844
2026-08-14T16:52:09.180718,128,128,policy,False,4,memory_bound,4,7705.129110999678
2026-08-14T16:52:09.180718,128,128,policy,False,4,memory_bound,5,7674.974528999883
2026-08-14T16:52:09.180718,128,128,policy,False,4,memory_bound,6,7672.298799000146
2026-08-14T16:52:09.180718,128,128,policy,False,4,memory_bound,7,7671.127810000144
2026-08-14T16:52:09.180718,128,128,policy,False,4,memory_bound,8,7674.7618199997305
2026-08-14T16:52:09.180718,128,128,policy,False,4,memory_bound,9,7680.024840999977
2026-08-14T16:52:09.180718,128,128,policy,False,4,memory_bound,10,7666.521090999595
2026-08-14T16:52:09.180718,128,128,policy,False,4,memory_bound,11,7677.101559999755
2026-08-14T16:52:09.180718,128,128,policy,False,4,memory_bound,12,7710.96161100013
2026-08-14T16:52:09.180718,128,128,policy,False,4,memory_bound,13,7681.180569999924
2026-08-14T16:52:09.180718,128,128,policy,False,4,memory_bound,14,7671.431975999894
2026-08-14T16:52:09.180718,128,128,policy,False,4,memory_bound,15,7672.380256999986
2026-08-14T16:52:09.180718,128,128,policy,False,4,memory_bound,16,7678.915726000014
2026-08-14T16:52:09.180718,128,128,policy,False,4,memory_bound,17,7672.477757999786
2026-08-14T16:52:09.180718,128,128,policy,False,4,memory_bound,18,7666.976819999945
2026-08-14T16:52:09.180718,128,128,policy,False,4,memory_bound,19,7669.404475999727
2026-08-14T16:52:09.180718,128,128,policy,False,4,memory_bound,20,7711.721768000189
2026-08-14T16:52:09.180718,128,128,policy,False,4,memory_bound,21,7675.757808999606
2026-08-14T16:52:09.180718,128,128,policy,False,4,memory_bound,22,7668.6798929999895
2026-08-14T16:52:09.180718,128,128,policy,False,4,memory_bound,23,7659.989267000128
2026-08-14T16:52:09.180718,128,128,policy,False,4,memory_bound,24,7575.699215999975
2026-08-14T16:52:09.180718,128,128,policy,False,4,memory_bound,25,7558.338642999843
2026-08-14T16:52:09.180718,128,128,policy,False,4,memory_bound,26,7552.086089999648
2026-08-14T16:52:09.180718,128,128,policy,False,4,memory_bound,27,7554.547341000216
2026-08-14T16:52:09.180718,128,128,policy,False,4,memory_bound,28,7569.697652999821
2026-08-14T16:52:09.180718,128,128,policy,False,4,memory_bound,29,7588.979736000056
2026-08-14T16:52:09.180718,128,128,policy,False,4,memory_bound,30,7553.680309999891
2026-08-14T16:52:09.180718,128,128,policy,False,4,memory_bound,31,7553.074841000125
2026-08-14T16:52:09.180718,128,128,policy,False,4,memory_bound,32,7560.131559999718
2026-08-14T16:52:09.180718,128,128,policy,False,4,memory_bound,33,7551.04114300002
2026-08-14T16:52:09.180718,128,128,policy,False,4,memory_bound,34,7551.893642999858
2026-08-14T16:52:09.180718,128,128,policy,False,4,memory_bound,35,7537.561455999821
2026-08-14T16:52:09.180718,128,128,policy,False,4,memory_bound,36,7563.876402999995
2026-08-14T16:52:09.180718,128,128,policy,False,4,memory_bound,37,7599.930414000028
2026-08-14T16:52:09.180718,128,128,policy,False,4,memory_bound,38,7553.15255000005
2026-08-14T16:52:09.180718,128,128,policy,False,4,memory_bound,39,7561.285986000257
2026-08-14T16:52:09.180718,128,128,policy,False,4,memory_bound,40,7551.937914000064
2026-08-14T16:52:09.180718,128,128,policy,False,4,memory_bound,41,7559.8160389999975
2026-08-14T16:52:09.180718,128,128,policy,False,4,memory_bound,42,7545.872029000293
2026-08-14T16:52:09.180718,128,128,policy,False,4,memory_bound,43,7546.389581000312
2026-08-14T16:52:09.180718,128,128,policy,False,4,memory_bound,44,7557.548537999992
2026-08-14T16:52:09.180718,128,128,policy,False,4,memory_bound,45,7596.879163999802
2026-08-14T16:52:09.180718,128,128,policy,False,4,memory_bound,46,7551.770101999864
2026-08-14T16:52:09.180718,128,128,policy,False,4,memory_bound,47,7559.721246999743
2026-08-14T16:52:09.180718,128,128,policy,False,4,memory_bound,48,7553.144164000059
2026-08-14T16:52:09.180718,128,128,policy,False,4,memory_bound,49,7553.182548999757
