timestamp,model,platform,baseline,run_id,latency_ms
2026-09-22T07:33:20.033583,vgg16,rpi4,cachewinograd,0,1859608.9807429994
2026-09-22T07:33:20.033583,vgg16,rpi4,cachewinograd,1,1844951.3780650005
2026-09-22T07:33:20.033583,vgg16,rpi4,cachewinograd,2,1831613.2661229994
2026-09-22T07:33:20.033583,vgg16,rpi4,cachewinograd,3,1831275.0435580006
2026-09-22T07:33:20.033583,vgg16,rpi4,cachewinograd,4,1833219.3838930032
2026-09-22T07:33:20.033583,vgg16,rpi4,cachewinograd,5,1832470.7623119957
2026-09-22T07:33:20.033583,vgg16,rpi4,cachewinograd,6,1831641.1248069995
2026-09-22T07:33:20.033583,vgg16,rpi4,cachewinograd,7,1831639.711892998
2026-09-22T07:33:20.033583,vgg16,rpi4,cachewinograd,8,1847708.1426950062
2026-09-22T07:33:20.033583,vgg16,rpi4,cachewinograd,9,1923651.1869770004
2026-09-22T07:33:20.033583,vgg16,rpi4,naive_winograd,0,1937798.473767998
2026-09-22T07:33:20.033583,vgg16,rpi4,naive_winograd,1,1939528.3993160008
2026-09-22T07:33:20.033583,vgg16,rpi4,naive_winograd,2,1939313.3723720023
2026-09-22T07:33:20.033583,vgg16,rpi4,naive_winograd,3,1940357.1115959897
2026-09-22T07:33:20.033583,vgg16,rpi4,naive_winograd,4,1940316.3525689964
2026-09-22T07:33:20.033583,vgg16,rpi4,naive_winograd,5,1940629.462074998
2026-09-22T07:33:20.033583,vgg16,rpi4,naive_winograd,6,1939874.4358359943
2026-09-22T07:33:20.033583,vgg16,rpi4,naive_winograd,7,1940622.7931650137
2026-09-22T07:33:20.033583,vgg16,rpi4,naive_winograd,8,1940285.7334110083
2026-09-22T07:33:20.033583,vgg16,rpi4,naive_winograd,9,1940537.049142993
2026-09-22T07:33:20.033583,vgg16,rpi4,nonfused_winograd,0,1939978.7363599897
2026-09-22T07:33:20.033583,vgg16,rpi4,nonfused_winograd,1,1939685.9582940014
2026-09-22T07:33:20.033583,vgg16,rpi4,nonfused_winograd,2,1940095.5931829954
2026-09-22T07:33:20.033583,vgg16,rpi4,nonfused_winograd,3,1939706.9505380131
2026-09-22T07:33:20.033583,vgg16,rpi4,nonfused_winograd,4,1939871.336183016
2026-09-22T07:33:20.033583,vgg16,rpi4,nonfused_winograd,5,1940203.1639650015
2026-09-22T07:33:20.033583,vgg16,rpi4,nonfused_winograd,6,1939774.0254710077
2026-09-22T07:33:20.033583,vgg16,rpi4,nonfused_winograd,7,1940132.0161939873
2026-09-22T07:33:20.033583,vgg16,rpi4,nonfused_winograd,8,1940011.360402015
2026-09-22T07:33:20.033583,vgg16,rpi4,nonfused_winograd,9,1939704.2463920007
