timestamp,cache_level,paper_bytes,measured_bytes,pct_diff,status,source,line_size_bytes
2026-07-30T12:19:09.248150,L1D,32768,32768,0.0,MATCH,sysfs,64
2026-07-30T12:19:09.248150,L2,2097152,2097152,0.0,MATCH,sysfs,64
2026-07-30T13:06:16.229515,L1D,32768,32768,0.0,MATCH,sysfs,64
2026-07-30T13:06:16.229515,L2,2097152,2097152,0.0,MATCH,sysfs,64
2026-07-30T13:07:33.716297,L1D,32768,32768,0.0,MATCH,sysfs,64
2026-07-30T13:07:33.716297,L2,2097152,2097152,0.0,MATCH,sysfs,64
2026-07-30T13:13:23.283636,L1D,32768,32768,0.0,MATCH,sysfs,64
2026-07-30T13:13:23.283636,L2,2097152,2097152,0.0,MATCH,sysfs,64
2026-07-30T13:14:22.981563,L1D,32768,32768,0.0,MATCH,sysfs,64
2026-07-30T13:14:22.981563,L2,2097152,2097152,0.0,MATCH,sysfs,64
2026-07-30T13:19:27.486744,L1D,32768,32768,0.0,MATCH,sysfs,64
2026-07-30T13:19:27.486744,L2,2097152,2097152,0.0,MATCH,sysfs,64
2026-07-30T13:22:09.388115,L1D,32768,32768,0.0,MATCH,sysfs,64
2026-07-30T13:22:09.388115,L2,2097152,2097152,0.0,MATCH,sysfs,64
