timestamp,c_in,c_out,h,w,tile,method,threads,run_id,latency_ms
2026-08-10T10:36:00.225339,16,32,14,14,"F(4,3)",baseline_nonfused,1,0,12.522417004220188
2026-08-10T10:36:00.225339,16,32,14,14,"F(4,3)",baseline_nonfused,1,1,2.6077079819515347
2026-08-10T10:36:00.225339,16,32,14,14,"F(4,3)",baseline_nonfused,1,2,0.9928330546244979
2026-08-10T10:36:00.225339,16,32,14,14,"F(4,3)",baseline_nonfused,1,3,0.9913340909406543
2026-08-10T10:36:00.225339,16,32,14,14,"F(4,3)",baseline_nonfused,1,4,0.9954579873010516
2026-08-10T10:36:00.225339,16,32,14,14,"F(4,3)",baseline_nonfused,1,5,0.9937500581145287
2026-08-10T10:36:00.225339,16,32,14,14,"F(4,3)",baseline_nonfused,1,6,0.9890829678624868
2026-08-10T10:36:00.225339,16,32,14,14,"F(4,3)",baseline_nonfused,1,7,0.9875419782474637
2026-08-10T10:36:00.225339,16,32,14,14,"F(4,3)",baseline_nonfused,1,8,0.9868750348687172
2026-08-10T10:36:00.225339,16,32,14,14,"F(4,3)",baseline_nonfused,1,9,0.9966669604182243
2026-08-10T10:36:00.225339,16,32,14,14,"F(4,3)",fused,1,0,0.9862500010058284
2026-08-10T10:36:00.225339,16,32,14,14,"F(4,3)",fused,1,1,0.9887500200420618
2026-08-10T10:36:00.225339,16,32,14,14,"F(4,3)",fused,1,2,0.992791960015893
2026-08-10T10:36:00.225339,16,32,14,14,"F(4,3)",fused,1,3,0.9856249671429396
2026-08-10T10:36:00.225339,16,32,14,14,"F(4,3)",fused,1,4,0.9855420794337988
2026-08-10T10:36:00.225339,16,32,14,14,"F(4,3)",fused,1,5,0.9832079522311687
2026-08-10T10:36:00.225339,16,32,14,14,"F(4,3)",fused,1,6,0.9888330241665244
2026-08-10T10:36:00.225339,16,32,14,14,"F(4,3)",fused,1,7,0.9820830309763551
2026-08-10T10:36:00.225339,16,32,14,14,"F(4,3)",fused,1,8,0.9915831033140421
2026-08-10T10:36:00.225339,16,32,14,14,"F(4,3)",fused,1,9,0.9964589262381196
2026-08-10T10:36:00.225339,32,16,14,14,"F(2,3)",baseline_nonfused,1,0,1.0962910018861294
2026-08-10T10:36:00.225339,32,16,14,14,"F(2,3)",baseline_nonfused,1,1,1.093875034712255
2026-08-10T10:36:00.225339,32,16,14,14,"F(2,3)",baseline_nonfused,1,2,1.0915420716628432
2026-08-10T10:36:00.225339,32,16,14,14,"F(2,3)",baseline_nonfused,1,3,1.0924999369308352
2026-08-10T10:36:00.225339,32,16,14,14,"F(2,3)",baseline_nonfused,1,4,1.0932909790426493
2026-08-10T10:36:00.225339,32,16,14,14,"F(2,3)",baseline_nonfused,1,5,1.0971250012516975
2026-08-10T10:36:00.225339,32,16,14,14,"F(2,3)",baseline_nonfused,1,6,1.1215830454602838
2026-08-10T10:36:00.225339,32,16,14,14,"F(2,3)",baseline_nonfused,1,7,1.0935419704765081
2026-08-10T10:36:00.225339,32,16,14,14,"F(2,3)",baseline_nonfused,1,8,1.1018329532817006
2026-08-10T10:36:00.225339,32,16,14,14,"F(2,3)",baseline_nonfused,1,9,1.096333027817309
2026-08-10T10:36:00.225339,32,16,14,14,"F(2,3)",fused,1,0,1.0961249936372042
2026-08-10T10:36:00.225339,32,16,14,14,"F(2,3)",fused,1,1,1.083791023120284
2026-08-10T10:36:00.225339,32,16,14,14,"F(2,3)",fused,1,2,1.1058750096708536
2026-08-10T10:36:00.225339,32,16,14,14,"F(2,3)",fused,1,3,1.1134579544886947
2026-08-10T10:36:00.225339,32,16,14,14,"F(2,3)",fused,1,4,1.237874967046082
2026-08-10T10:36:00.225339,32,16,14,14,"F(2,3)",fused,1,5,1.0848749661818147
2026-08-10T10:36:00.225339,32,16,14,14,"F(2,3)",fused,1,6,1.0819589952006936
2026-08-10T10:36:00.225339,32,16,14,14,"F(2,3)",fused,1,7,1.0817500296980143
2026-08-10T10:36:00.225339,32,16,14,14,"F(2,3)",fused,1,8,1.0838749585673213
2026-08-10T10:36:00.225339,32,16,14,14,"F(2,3)",fused,1,9,1.0863339994102716
2026-08-10T10:36:00.225339,32,32,14,14,"F(2,3)",baseline_nonfused,1,0,2.791833016090095
2026-08-10T10:36:00.225339,32,32,14,14,"F(2,3)",baseline_nonfused,1,1,2.7333329198881984
2026-08-10T10:36:00.225339,32,32,14,14,"F(2,3)",baseline_nonfused,1,2,2.724874997511506
2026-08-10T10:36:00.225339,32,32,14,14,"F(2,3)",baseline_nonfused,1,3,2.9037079075351357
2026-08-10T10:36:00.225339,32,32,14,14,"F(2,3)",baseline_nonfused,1,4,2.7399579994380474
2026-08-10T10:36:00.225339,32,32,14,14,"F(2,3)",baseline_nonfused,1,5,2.7221250347793102
2026-08-10T10:36:00.225339,32,32,14,14,"F(2,3)",baseline_nonfused,1,6,2.739416901022196
2026-08-10T10:36:00.225339,32,32,14,14,"F(2,3)",baseline_nonfused,1,7,2.7023330330848694
2026-08-10T10:36:00.225339,32,32,14,14,"F(2,3)",baseline_nonfused,1,8,2.7122499886900187
2026-08-10T10:36:00.225339,32,32,14,14,"F(2,3)",baseline_nonfused,1,9,2.8268329333513975
2026-08-10T10:36:00.225339,32,32,14,14,"F(2,3)",fused,1,0,2.7036250103265047
2026-08-10T10:36:00.225339,32,32,14,14,"F(2,3)",fused,1,1,2.699999953620136
2026-08-10T10:36:00.225339,32,32,14,14,"F(2,3)",fused,1,2,2.6964169228449464
2026-08-10T10:36:00.225339,32,32,14,14,"F(2,3)",fused,1,3,2.810790902003646
2026-08-10T10:36:00.225339,32,32,14,14,"F(2,3)",fused,1,4,2.721457974985242
2026-08-10T10:36:00.225339,32,32,14,14,"F(2,3)",fused,1,5,2.6967909652739763
2026-08-10T10:36:00.225339,32,32,14,14,"F(2,3)",fused,1,6,2.6979579124599695
2026-08-10T10:36:00.225339,32,32,14,14,"F(2,3)",fused,1,7,2.693458925932646
2026-08-10T10:36:00.225339,32,32,14,14,"F(2,3)",fused,1,8,2.6979579124599695
2026-08-10T10:36:00.225339,32,32,14,14,"F(2,3)",fused,1,9,2.7899580309167504
2026-08-10T10:36:00.225339,32,64,14,14,"F(2,3)",baseline_nonfused,1,0,8.212749962694943
2026-08-10T10:36:00.225339,32,64,14,14,"F(2,3)",baseline_nonfused,1,1,8.242999901995063
2026-08-10T10:36:00.225339,32,64,14,14,"F(2,3)",baseline_nonfused,1,2,8.178208023309708
2026-08-10T10:36:00.225339,32,64,14,14,"F(2,3)",baseline_nonfused,1,3,8.195792092010379
2026-08-10T10:36:00.225339,32,64,14,14,"F(2,3)",baseline_nonfused,1,4,8.176208008080721
2026-08-10T10:36:00.225339,32,64,14,14,"F(2,3)",baseline_nonfused,1,5,8.238208014518023
2026-08-10T10:36:00.225339,32,64,14,14,"F(2,3)",baseline_nonfused,1,6,8.144124993123114
2026-08-10T10:36:00.225339,32,64,14,14,"F(2,3)",baseline_nonfused,1,7,8.216749993152916
2026-08-10T10:36:00.225339,32,64,14,14,"F(2,3)",baseline_nonfused,1,8,8.112209034152329
2026-08-10T10:36:00.225339,32,64,14,14,"F(2,3)",baseline_nonfused,1,9,8.192667039111257
2026-08-10T10:36:00.225339,32,64,14,14,"F(2,3)",fused,1,0,8.129041991196573
2026-08-10T10:36:00.225339,32,64,14,14,"F(2,3)",fused,1,1,8.176709059625864
2026-08-10T10:36:00.225339,32,64,14,14,"F(2,3)",fused,1,2,8.115750038996339
2026-08-10T10:36:00.225339,32,64,14,14,"F(2,3)",fused,1,3,8.10612493660301
2026-08-10T10:36:00.225339,32,64,14,14,"F(2,3)",fused,1,4,8.110207971185446
2026-08-10T10:36:00.225339,32,64,14,14,"F(2,3)",fused,1,5,8.157082949765027
2026-08-10T10:36:00.225339,32,64,14,14,"F(2,3)",fused,1,6,8.115457952953875
2026-08-10T10:36:00.225339,32,64,14,14,"F(2,3)",fused,1,7,8.171417051926255
2026-08-10T10:36:00.225339,32,64,14,14,"F(2,3)",fused,1,8,8.274125051684678
2026-08-10T10:36:00.225339,32,64,14,14,"F(2,3)",fused,1,9,8.151249960064888
2026-08-10T10:36:00.225339,64,32,14,14,"F(2,3)",baseline_nonfused,1,0,4.535500076599419
2026-08-10T10:36:00.225339,64,32,14,14,"F(2,3)",baseline_nonfused,1,1,4.598667030222714
2026-08-10T10:36:00.225339,64,32,14,14,"F(2,3)",baseline_nonfused,1,2,4.558624932542443
2026-08-10T10:36:00.225339,64,32,14,14,"F(2,3)",baseline_nonfused,1,3,4.549417062662542
2026-08-10T10:36:00.225339,64,32,14,14,"F(2,3)",baseline_nonfused,1,4,4.538750043138862
2026-08-10T10:36:00.225339,64,32,14,14,"F(2,3)",baseline_nonfused,1,5,4.633207921870053
2026-08-10T10:36:00.225339,64,32,14,14,"F(2,3)",baseline_nonfused,1,6,4.537791013717651
2026-08-10T10:36:00.225339,64,32,14,14,"F(2,3)",baseline_nonfused,1,7,4.524082993157208
2026-08-10T10:36:00.225339,64,32,14,14,"F(2,3)",baseline_nonfused,1,8,4.570708959363401
2026-08-10T10:36:00.225339,64,32,14,14,"F(2,3)",baseline_nonfused,1,9,4.568499978631735
2026-08-10T10:36:00.225339,64,32,14,14,"F(2,3)",fused,1,0,4.62379097007215
2026-08-10T10:36:00.225339,64,32,14,14,"F(2,3)",fused,1,1,4.536207998171449
2026-08-10T10:36:00.225339,64,32,14,14,"F(2,3)",fused,1,2,4.529375000856817
2026-08-10T10:36:00.225339,64,32,14,14,"F(2,3)",fused,1,3,4.566707997582853
2026-08-10T10:36:00.225339,64,32,14,14,"F(2,3)",fused,1,4,4.563750000670552
2026-08-10T10:36:00.225339,64,32,14,14,"F(2,3)",fused,1,5,4.526999895460904
2026-08-10T10:36:00.225339,64,32,14,14,"F(2,3)",fused,1,6,4.5270000118762255
2026-08-10T10:36:00.225339,64,32,14,14,"F(2,3)",fused,1,7,4.516290966421366
2026-08-10T10:36:00.225339,64,32,14,14,"F(2,3)",fused,1,8,4.521292052231729
2026-08-10T10:36:00.225339,64,32,14,14,"F(2,3)",fused,1,9,4.539084038697183
2026-08-10T10:36:00.225339,64,64,14,14,"F(2,3)",baseline_nonfused,1,0,14.726625056937337
2026-08-10T10:36:00.225339,64,64,14,14,"F(2,3)",baseline_nonfused,1,1,14.743792009539902
2026-08-10T10:36:00.225339,64,64,14,14,"F(2,3)",baseline_nonfused,1,2,14.699834049679339
2026-08-10T10:36:00.225339,64,64,14,14,"F(2,3)",baseline_nonfused,1,3,14.718750026077032
2026-08-10T10:36:00.225339,64,64,14,14,"F(2,3)",baseline_nonfused,1,4,14.778541983105242
2026-08-10T10:36:00.225339,64,64,14,14,"F(2,3)",baseline_nonfused,1,5,14.790624962188303
2026-08-10T10:36:00.225339,64,64,14,14,"F(2,3)",baseline_nonfused,1,6,14.824290992692113
2026-08-10T10:36:00.225339,64,64,14,14,"F(2,3)",baseline_nonfused,1,7,14.798582997173071
2026-08-10T10:36:00.225339,64,64,14,14,"F(2,3)",baseline_nonfused,1,8,14.768915949389338
2026-08-10T10:36:00.225339,64,64,14,14,"F(2,3)",baseline_nonfused,1,9,14.769457979127765
2026-08-10T10:36:00.225339,64,64,14,14,"F(2,3)",fused,1,0,14.703332912176847
2026-08-10T10:36:00.225339,64,64,14,14,"F(2,3)",fused,1,1,14.770708978176117
2026-08-10T10:36:00.225339,64,64,14,14,"F(2,3)",fused,1,2,14.788208995014429
2026-08-10T10:36:00.225339,64,64,14,14,"F(2,3)",fused,1,3,14.743792009539902
2026-08-10T10:36:00.225339,64,64,14,14,"F(2,3)",fused,1,4,14.746333006769419
2026-08-10T10:36:00.225339,64,64,14,14,"F(2,3)",fused,1,5,14.752042014151812
2026-08-10T10:36:00.225339,64,64,14,14,"F(2,3)",fused,1,6,14.750333968549967
2026-08-10T10:36:00.225339,64,64,14,14,"F(2,3)",fused,1,7,14.759042067453265
2026-08-10T10:36:00.225339,64,64,14,14,"F(2,3)",fused,1,8,14.76854202337563
2026-08-10T10:36:00.225339,64,64,14,14,"F(2,3)",fused,1,9,14.756167074665427
2026-08-10T10:36:00.225339,128,128,14,14,"F(2,3)",baseline_nonfused,1,0,101.6022500116378
2026-08-10T10:36:00.225339,128,128,14,14,"F(2,3)",baseline_nonfused,1,1,101.73920798115432
2026-08-10T10:36:00.225339,128,128,14,14,"F(2,3)",baseline_nonfused,1,2,101.44825000315905
2026-08-10T10:36:00.225339,128,128,14,14,"F(2,3)",baseline_nonfused,1,3,101.76087508443743
2026-08-10T10:36:00.225339,128,128,14,14,"F(2,3)",baseline_nonfused,1,4,101.46641707979143
2026-08-10T10:36:00.225339,128,128,14,14,"F(2,3)",baseline_nonfused,1,5,101.25516599509865
2026-08-10T10:36:00.225339,128,128,14,14,"F(2,3)",baseline_nonfused,1,6,101.4471659436822
2026-08-10T10:36:00.225339,128,128,14,14,"F(2,3)",baseline_nonfused,1,7,101.0615830309689
2026-08-10T10:36:00.225339,128,128,14,14,"F(2,3)",baseline_nonfused,1,8,100.96633294597268
2026-08-10T10:36:00.225339,128,128,14,14,"F(2,3)",baseline_nonfused,1,9,101.03758296463639
2026-08-10T10:36:00.225339,128,128,14,14,"F(2,3)",fused,1,0,101.1582079809159
2026-08-10T10:36:00.225339,128,128,14,14,"F(2,3)",fused,1,1,101.12250002566725
2026-08-10T10:36:00.225339,128,128,14,14,"F(2,3)",fused,1,2,100.99516704212874
2026-08-10T10:36:00.225339,128,128,14,14,"F(2,3)",fused,1,3,101.03254206478596
2026-08-10T10:36:00.225339,128,128,14,14,"F(2,3)",fused,1,4,100.94733303412795
2026-08-10T10:36:00.225339,128,128,14,14,"F(2,3)",fused,1,5,100.9137500077486
2026-08-10T10:36:00.225339,128,128,14,14,"F(2,3)",fused,1,6,100.97841592505574
2026-08-10T10:36:00.225339,128,128,14,14,"F(2,3)",fused,1,7,100.93608300667256
2026-08-10T10:36:00.225339,128,128,14,14,"F(2,3)",fused,1,8,101.43937508109957
2026-08-10T10:36:00.225339,128,128,14,14,"F(2,3)",fused,1,9,101.08266700990498
