timestamp,c_in,c_out,h,w,tile,mode,fused,threads,run_id,latency_ms
2026-08-10T10:36:08.369074,64,64,14,14,"F(2,3)",unfused,False,1,0,14.795250026509166
2026-08-10T10:36:08.369074,64,64,14,14,"F(2,3)",unfused,False,1,1,14.789042063057423
2026-08-10T10:36:08.369074,64,64,14,14,"F(2,3)",unfused,False,1,2,14.762167003937066
2026-08-10T10:36:08.369074,64,64,14,14,"F(2,3)",unfused,False,1,3,14.76912503130734
2026-08-10T10:36:08.369074,64,64,14,14,"F(2,3)",unfused,False,1,4,14.781916979700327
2026-08-10T10:36:08.369074,64,64,14,14,"F(2,3)",unfused,False,1,5,14.74650006275624
2026-08-10T10:36:08.369074,64,64,14,14,"F(2,3)",unfused,False,1,6,14.75491700693965
2026-08-10T10:36:08.369074,64,64,14,14,"F(2,3)",unfused,False,1,7,14.766499982215464
2026-08-10T10:36:08.369074,64,64,14,14,"F(2,3)",unfused,False,1,8,14.942417037673295
2026-08-10T10:36:08.369074,64,64,14,14,"F(2,3)",unfused,False,1,9,14.72762506455183
2026-08-10T10:36:08.369074,64,64,14,14,"F(2,3)",unfused,False,4,0,14.855874935165048
2026-08-10T10:36:08.369074,64,64,14,14,"F(2,3)",unfused,False,4,1,14.822333003394306
2026-08-10T10:36:08.369074,64,64,14,14,"F(2,3)",unfused,False,4,2,14.823624980635941
2026-08-10T10:36:08.369074,64,64,14,14,"F(2,3)",unfused,False,4,3,14.834541943855584
2026-08-10T10:36:08.369074,64,64,14,14,"F(2,3)",unfused,False,4,4,14.820040902122855
2026-08-10T10:36:08.369074,64,64,14,14,"F(2,3)",unfused,False,4,5,14.833708060905337
2026-08-10T10:36:08.369074,64,64,14,14,"F(2,3)",unfused,False,4,6,14.863707940094173
2026-08-10T10:36:08.369074,64,64,14,14,"F(2,3)",unfused,False,4,7,14.850791078060865
2026-08-10T10:36:08.369074,64,64,14,14,"F(2,3)",unfused,False,4,8,14.819540898315609
2026-08-10T10:36:08.369074,64,64,14,14,"F(2,3)",unfused,False,4,9,14.790875022299588
2026-08-10T10:36:08.369074,64,64,14,14,"F(2,3)",fused,True,1,0,14.797957963310182
2026-08-10T10:36:08.369074,64,64,14,14,"F(2,3)",fused,True,1,1,14.747375040315092
2026-08-10T10:36:08.369074,64,64,14,14,"F(2,3)",fused,True,1,2,14.746000058948994
2026-08-10T10:36:08.369074,64,64,14,14,"F(2,3)",fused,True,1,3,14.685083064250648
2026-08-10T10:36:08.369074,64,64,14,14,"F(2,3)",fused,True,1,4,14.68387502245605
2026-08-10T10:36:08.369074,64,64,14,14,"F(2,3)",fused,True,1,5,14.706749934703112
2026-08-10T10:36:08.369074,64,64,14,14,"F(2,3)",fused,True,1,6,14.718291000463068
2026-08-10T10:36:08.369074,64,64,14,14,"F(2,3)",fused,True,1,7,14.666459057480097
2026-08-10T10:36:08.369074,64,64,14,14,"F(2,3)",fused,True,1,8,14.72616707906127
2026-08-10T10:36:08.369074,64,64,14,14,"F(2,3)",fused,True,1,9,14.704749919474125
2026-08-10T10:36:08.369074,64,64,14,14,"F(2,3)",fused,True,4,0,14.765874948352575
2026-08-10T10:36:08.369074,64,64,14,14,"F(2,3)",fused,True,4,1,14.692166005261242
2026-08-10T10:36:08.369074,64,64,14,14,"F(2,3)",fused,True,4,2,14.743916923180223
2026-08-10T10:36:08.369074,64,64,14,14,"F(2,3)",fused,True,4,3,14.726541936397552
2026-08-10T10:36:08.369074,64,64,14,14,"F(2,3)",fused,True,4,4,14.72624996677041
2026-08-10T10:36:08.369074,64,64,14,14,"F(2,3)",fused,True,4,5,14.730166993103921
2026-08-10T10:36:08.369074,64,64,14,14,"F(2,3)",fused,True,4,6,14.719208935275674
2026-08-10T10:36:08.369074,64,64,14,14,"F(2,3)",fused,True,4,7,14.689291943795979
2026-08-10T10:36:08.369074,64,64,14,14,"F(2,3)",fused,True,4,8,14.690874959342182
2026-08-10T10:36:08.369074,64,64,14,14,"F(2,3)",fused,True,4,9,14.726250083185732
2026-08-10T10:36:08.369074,128,128,14,14,"F(2,3)",unfused,False,1,0,100.57729203253984
2026-08-10T10:36:08.369074,128,128,14,14,"F(2,3)",unfused,False,1,1,100.6230409257114
2026-08-10T10:36:08.369074,128,128,14,14,"F(2,3)",unfused,False,1,2,100.77629098668694
2026-08-10T10:36:08.369074,128,128,14,14,"F(2,3)",unfused,False,1,3,100.58837500400841
2026-08-10T10:36:08.369074,128,128,14,14,"F(2,3)",unfused,False,1,4,100.56558297947049
2026-08-10T10:36:08.369074,128,128,14,14,"F(2,3)",unfused,False,1,5,100.59391602408141
2026-08-10T10:36:08.369074,128,128,14,14,"F(2,3)",unfused,False,1,6,100.58887500781566
2026-08-10T10:36:08.369074,128,128,14,14,"F(2,3)",unfused,False,1,7,100.60958296526223
2026-08-10T10:36:08.369074,128,128,14,14,"F(2,3)",unfused,False,1,8,101.2518749339506
2026-08-10T10:36:08.369074,128,128,14,14,"F(2,3)",unfused,False,1,9,100.92520900070667
2026-08-10T10:36:08.369074,128,128,14,14,"F(2,3)",unfused,False,4,0,100.94245802611113
2026-08-10T10:36:08.369074,128,128,14,14,"F(2,3)",unfused,False,4,1,101.21304099448025
2026-08-10T10:36:08.369074,128,128,14,14,"F(2,3)",unfused,False,4,2,101.12550004851073
2026-08-10T10:36:08.369074,128,128,14,14,"F(2,3)",unfused,False,4,3,101.02566692512482
2026-08-10T10:36:08.369074,128,128,14,14,"F(2,3)",unfused,False,4,4,101.18979203980416
2026-08-10T10:36:08.369074,128,128,14,14,"F(2,3)",unfused,False,4,5,100.91841698158532
2026-08-10T10:36:08.369074,128,128,14,14,"F(2,3)",unfused,False,4,6,100.87349999230355
2026-08-10T10:36:08.369074,128,128,14,14,"F(2,3)",unfused,False,4,7,101.29304195288569
2026-08-10T10:36:08.369074,128,128,14,14,"F(2,3)",unfused,False,4,8,100.89670808520168
2026-08-10T10:36:08.369074,128,128,14,14,"F(2,3)",unfused,False,4,9,101.74404107965529
2026-08-10T10:36:08.369074,128,128,14,14,"F(2,3)",fused,True,1,0,101.25995799899101
2026-08-10T10:36:08.369074,128,128,14,14,"F(2,3)",fused,True,1,1,101.1135830776766
2026-08-10T10:36:08.369074,128,128,14,14,"F(2,3)",fused,True,1,2,101.19275003671646
2026-08-10T10:36:08.369074,128,128,14,14,"F(2,3)",fused,True,1,3,101.13874997477978
2026-08-10T10:36:08.369074,128,128,14,14,"F(2,3)",fused,True,1,4,101.16516705602407
2026-08-10T10:36:08.369074,128,128,14,14,"F(2,3)",fused,True,1,5,101.55095800291747
2026-08-10T10:36:08.369074,128,128,14,14,"F(2,3)",fused,True,1,6,100.84541700780392
2026-08-10T10:36:08.369074,128,128,14,14,"F(2,3)",fused,True,1,7,100.89174995664507
2026-08-10T10:36:08.369074,128,128,14,14,"F(2,3)",fused,True,1,8,100.99908302072436
2026-08-10T10:36:08.369074,128,128,14,14,"F(2,3)",fused,True,1,9,100.92062503099442
2026-08-10T10:36:08.369074,128,128,14,14,"F(2,3)",fused,True,4,0,100.79695901367813
2026-08-10T10:36:08.369074,128,128,14,14,"F(2,3)",fused,True,4,1,100.7939170813188
2026-08-10T10:36:08.369074,128,128,14,14,"F(2,3)",fused,True,4,2,100.90950003359467
2026-08-10T10:36:08.369074,128,128,14,14,"F(2,3)",fused,True,4,3,101.14966600667685
2026-08-10T10:36:08.369074,128,128,14,14,"F(2,3)",fused,True,4,4,100.75066599529237
2026-08-10T10:36:08.369074,128,128,14,14,"F(2,3)",fused,True,4,5,100.80854210536927
2026-08-10T10:36:08.369074,128,128,14,14,"F(2,3)",fused,True,4,6,101.14837496075779
2026-08-10T10:36:08.369074,128,128,14,14,"F(2,3)",fused,True,4,7,101.18895897176117
2026-08-10T10:36:08.369074,128,128,14,14,"F(2,3)",fused,True,4,8,101.16395796649158
2026-08-10T10:36:08.369074,128,128,14,14,"F(2,3)",fused,True,4,9,101.18800005875528
2026-08-10T10:36:08.369074,32,64,14,14,"F(2,3)",fused,True,1,0,8.221875061281025
2026-08-10T10:36:08.369074,32,64,14,14,"F(2,3)",fused,True,1,1,8.21770797483623
2026-08-10T10:36:08.369074,32,64,14,14,"F(2,3)",fused,True,1,2,8.178374962881207
2026-08-10T10:36:08.369074,32,64,14,14,"F(2,3)",fused,True,1,3,8.182291057892144
2026-08-10T10:36:08.369074,32,64,14,14,"F(2,3)",fused,True,1,4,8.207208011299372
2026-08-10T10:36:08.369074,32,64,14,14,"F(2,3)",fused,True,1,5,8.193542016670108
2026-08-10T10:36:08.369074,32,64,14,14,"F(2,3)",fused,True,1,6,8.169165928848088
2026-08-10T10:36:08.369074,32,64,14,14,"F(2,3)",fused,True,1,7,8.170166984200478
2026-08-10T10:36:08.369074,32,64,14,14,"F(2,3)",fused,True,1,8,8.15583299845457
2026-08-10T10:36:08.369074,32,64,14,14,"F(2,3)",fused,True,1,9,8.12633300665766
2026-08-10T10:36:08.369074,32,64,14,14,"F(2,3)",fused,True,4,0,8.162207901477814
2026-08-10T10:36:08.369074,32,64,14,14,"F(2,3)",fused,True,4,1,8.162708953022957
2026-08-10T10:36:08.369074,32,64,14,14,"F(2,3)",fused,True,4,2,8.153375005349517
2026-08-10T10:36:08.369074,32,64,14,14,"F(2,3)",fused,True,4,3,8.157792035490274
2026-08-10T10:36:08.369074,32,64,14,14,"F(2,3)",fused,True,4,4,8.154708077199757
2026-08-10T10:36:08.369074,32,64,14,14,"F(2,3)",fused,True,4,5,8.153375005349517
2026-08-10T10:36:08.369074,32,64,14,14,"F(2,3)",fused,True,4,6,8.176667033694685
2026-08-10T10:36:08.369074,32,64,14,14,"F(2,3)",fused,True,4,7,8.15287500154227
2026-08-10T10:36:08.369074,32,64,14,14,"F(2,3)",fused,True,4,8,8.160000084899366
2026-08-10T10:36:08.369074,32,64,14,14,"F(2,3)",fused,True,4,9,8.201665943488479
