timestamp,platform,c_in,c_out,h,w,m,tile_dim,method,threads,run_id,latency_ms
2026-09-07T09:57:56.968409,rpi4,16,32,14,14,4,6,baseline_nonfused,1,0,9.003924999888113
2026-09-07T09:57:56.968409,rpi4,16,32,14,14,4,6,baseline_nonfused,1,1,8.99714800016227
2026-09-07T09:57:56.968409,rpi4,16,32,14,14,4,6,baseline_nonfused,1,2,9.001074000025255
2026-09-07T09:57:56.968409,rpi4,16,32,14,14,4,6,baseline_nonfused,1,3,9.00926000031177
2026-09-07T09:57:56.968409,rpi4,16,32,14,14,4,6,baseline_nonfused,1,4,8.970445000159089
2026-09-07T09:57:56.968409,rpi4,16,32,14,14,4,6,baseline_nonfused,1,5,9.013518999836378
2026-09-07T09:57:56.968409,rpi4,16,32,14,14,4,6,baseline_nonfused,1,6,8.976500000244414
2026-09-07T09:57:56.968409,rpi4,16,32,14,14,4,6,baseline_nonfused,1,7,8.994592999897577
2026-09-07T09:57:56.968409,rpi4,16,32,14,14,4,6,baseline_nonfused,1,8,8.981647999917186
2026-09-07T09:57:56.968409,rpi4,16,32,14,14,4,6,baseline_nonfused,1,9,8.962425999925472
2026-09-07T09:57:56.968409,rpi4,16,32,14,14,4,6,baseline_nonfused,1,10,8.993463000024349
2026-09-07T09:57:56.968409,rpi4,16,32,14,14,4,6,baseline_nonfused,1,11,8.9777220000542
2026-09-07T09:57:56.968409,rpi4,16,32,14,14,4,6,baseline_nonfused,1,12,8.949406999818166
2026-09-07T09:57:56.968409,rpi4,16,32,14,14,4,6,baseline_nonfused,1,13,8.98120400006519
2026-09-07T09:57:56.968409,rpi4,16,32,14,14,4,6,baseline_nonfused,1,14,8.95129700029429
2026-09-07T09:57:56.968409,rpi4,16,32,14,14,4,6,baseline_nonfused,1,15,8.970445000159089
2026-09-07T09:57:56.968409,rpi4,16,32,14,14,4,6,baseline_nonfused,1,16,8.947758999966027
2026-09-07T09:57:56.968409,rpi4,16,32,14,14,4,6,baseline_nonfused,1,17,8.94588900018789
2026-09-07T09:57:56.968409,rpi4,16,32,14,14,4,6,baseline_nonfused,1,18,8.936888999869552
2026-09-07T09:57:56.968409,rpi4,16,32,14,14,4,6,baseline_nonfused,1,19,8.973037000032491
2026-09-07T09:57:56.968409,rpi4,16,32,14,14,4,6,baseline_nonfused,1,20,8.948592999786342
2026-09-07T09:57:56.968409,rpi4,16,32,14,14,4,6,baseline_nonfused,1,21,8.93437000013364
2026-09-07T09:57:56.968409,rpi4,16,32,14,14,4,6,baseline_nonfused,1,22,8.92792600006942
2026-09-07T09:57:56.968409,rpi4,16,32,14,14,4,6,baseline_nonfused,1,23,8.92566699985764
2026-09-07T09:57:56.968409,rpi4,16,32,14,14,4,6,baseline_nonfused,1,24,8.943815000293398
2026-09-07T09:57:56.968409,rpi4,16,32,14,14,4,6,baseline_nonfused,1,25,8.926906999931816
2026-09-07T09:57:56.968409,rpi4,16,32,14,14,4,6,baseline_nonfused,1,26,8.9322409999113
2026-09-07T09:57:56.968409,rpi4,16,32,14,14,4,6,baseline_nonfused,1,27,8.953685000051337
2026-09-07T09:57:56.968409,rpi4,16,32,14,14,4,6,baseline_nonfused,1,28,8.93779700027153
2026-09-07T09:57:56.968409,rpi4,16,32,14,14,4,6,baseline_nonfused,1,29,8.941056000367098
2026-09-07T09:57:56.968409,rpi4,16,32,14,14,4,6,fused,1,0,8.962833000168757
2026-09-07T09:57:56.968409,rpi4,16,32,14,14,4,6,fused,1,1,8.943980999902124
2026-09-07T09:57:56.968409,rpi4,16,32,14,14,4,6,fused,1,2,8.964093000031426
2026-09-07T09:57:56.968409,rpi4,16,32,14,14,4,6,fused,1,3,8.955000000241853
2026-09-07T09:57:56.968409,rpi4,16,32,14,14,4,6,fused,1,4,8.94625899991297
2026-09-07T09:57:56.968409,rpi4,16,32,14,14,4,6,fused,1,5,8.953463000125339
2026-09-07T09:57:56.968409,rpi4,16,32,14,14,4,6,fused,1,6,8.935221999763598
2026-09-07T09:57:56.968409,rpi4,16,32,14,14,4,6,fused,1,7,8.943054999690503
2026-09-07T09:57:56.968409,rpi4,16,32,14,14,4,6,fused,1,8,8.947777999765094
2026-09-07T09:57:56.968409,rpi4,16,32,14,14,4,6,fused,1,9,8.931703999678575
2026-09-07T09:57:56.968409,rpi4,16,32,14,14,4,6,fused,1,10,8.92311100005827
2026-09-07T09:57:56.968409,rpi4,16,32,14,14,4,6,fused,1,11,8.927185000175086
2026-09-07T09:57:56.968409,rpi4,16,32,14,14,4,6,fused,1,12,8.92474099964602
2026-09-07T09:57:56.968409,rpi4,16,32,14,14,4,6,fused,1,13,8.922610999889002
2026-09-07T09:57:56.968409,rpi4,16,32,14,14,4,6,fused,1,14,8.929722000175389
2026-09-07T09:57:56.968409,rpi4,16,32,14,14,4,6,fused,1,15,8.956352000041079
2026-09-07T09:57:56.968409,rpi4,16,32,14,14,4,6,fused,1,16,8.935332999953971
2026-09-07T09:57:56.968409,rpi4,16,32,14,14,4,6,fused,1,17,8.942165999997087
2026-09-07T09:57:56.968409,rpi4,16,32,14,14,4,6,fused,1,18,9.032258999923215
2026-09-07T09:57:56.968409,rpi4,16,32,14,14,4,6,fused,1,19,8.947926000018924
2026-09-07T09:57:56.968409,rpi4,16,32,14,14,4,6,fused,1,20,8.949389000008523
2026-09-07T09:57:56.968409,rpi4,16,32,14,14,4,6,fused,1,21,8.958296999935556
2026-09-07T09:57:56.968409,rpi4,16,32,14,14,4,6,fused,1,22,8.940519000134373
2026-09-07T09:57:56.968409,rpi4,16,32,14,14,4,6,fused,1,23,8.93225900017569
2026-09-07T09:57:56.968409,rpi4,16,32,14,14,4,6,fused,1,24,8.929740999974456
2026-09-07T09:57:56.968409,rpi4,16,32,14,14,4,6,fused,1,25,8.932315000038216
2026-09-07T09:57:56.968409,rpi4,16,32,14,14,4,6,fused,1,26,8.935592000398174
2026-09-07T09:57:56.968409,rpi4,16,32,14,14,4,6,fused,1,27,8.925684999667283
2026-09-07T09:57:56.968409,rpi4,16,32,14,14,4,6,fused,1,28,8.927648000280897
2026-09-07T09:57:56.968409,rpi4,16,32,14,14,4,6,fused,1,29,8.951833000082843
2026-09-07T09:57:56.968409,rpi4,32,16,14,14,4,6,baseline_nonfused,1,0,4.3861859999196895
2026-09-07T09:57:56.968409,rpi4,32,16,14,14,4,6,baseline_nonfused,1,1,4.429370000252675
2026-09-07T09:57:56.968409,rpi4,32,16,14,14,4,6,baseline_nonfused,1,2,4.393758999867714
2026-09-07T09:57:56.968409,rpi4,32,16,14,14,4,6,baseline_nonfused,1,3,4.391259999920294
2026-09-07T09:57:56.968409,rpi4,32,16,14,14,4,6,baseline_nonfused,1,4,4.3891290001738525
2026-09-07T09:57:56.968409,rpi4,32,16,14,14,4,6,baseline_nonfused,1,5,4.394648000015877
2026-09-07T09:57:56.968409,rpi4,32,16,14,14,4,6,baseline_nonfused,1,6,4.389222000099835
2026-09-07T09:57:56.968409,rpi4,32,16,14,14,4,6,baseline_nonfused,1,7,4.380740000215155
2026-09-07T09:57:56.968409,rpi4,32,16,14,14,4,6,baseline_nonfused,1,8,4.379759000130434
2026-09-07T09:57:56.968409,rpi4,32,16,14,14,4,6,baseline_nonfused,1,9,4.384906999803206
2026-09-07T09:57:56.968409,rpi4,32,16,14,14,4,6,baseline_nonfused,1,10,4.375832999812701
2026-09-07T09:57:56.968409,rpi4,32,16,14,14,4,6,baseline_nonfused,1,11,4.372759000034421
2026-09-07T09:57:56.968409,rpi4,32,16,14,14,4,6,baseline_nonfused,1,12,4.394110999783152
2026-09-07T09:57:56.968409,rpi4,32,16,14,14,4,6,baseline_nonfused,1,13,4.383777999919403
2026-09-07T09:57:56.968409,rpi4,32,16,14,14,4,6,baseline_nonfused,1,14,4.374278000341292
2026-09-07T09:57:56.968409,rpi4,32,16,14,14,4,6,baseline_nonfused,1,15,4.441814999609051
2026-09-07T09:57:56.968409,rpi4,32,16,14,14,4,6,baseline_nonfused,1,16,4.394073999719694
2026-09-07T09:57:56.968409,rpi4,32,16,14,14,4,6,baseline_nonfused,1,17,4.393406999952276
2026-09-07T09:57:56.968409,rpi4,32,16,14,14,4,6,baseline_nonfused,1,18,4.386740999962058
2026-09-07T09:57:56.968409,rpi4,32,16,14,14,4,6,baseline_nonfused,1,19,4.378536999865901
2026-09-07T09:57:56.968409,rpi4,32,16,14,14,4,6,baseline_nonfused,1,20,4.386796999824583
2026-09-07T09:57:56.968409,rpi4,32,16,14,14,4,6,baseline_nonfused,1,21,4.38359199961269
2026-09-07T09:57:56.968409,rpi4,32,16,14,14,4,6,baseline_nonfused,1,22,4.4127589999334305
2026-09-07T09:57:56.968409,rpi4,32,16,14,14,4,6,baseline_nonfused,1,23,4.37440699988656
2026-09-07T09:57:56.968409,rpi4,32,16,14,14,4,6,baseline_nonfused,1,24,4.369758999928308
2026-09-07T09:57:56.968409,rpi4,32,16,14,14,4,6,baseline_nonfused,1,25,4.375481999886688
2026-09-07T09:57:56.968409,rpi4,32,16,14,14,4,6,baseline_nonfused,1,26,4.3759259997386835
2026-09-07T09:57:56.968409,rpi4,32,16,14,14,4,6,baseline_nonfused,1,27,4.371371000161162
2026-09-07T09:57:56.968409,rpi4,32,16,14,14,4,6,baseline_nonfused,1,28,4.377073999876302
2026-09-07T09:57:56.968409,rpi4,32,16,14,14,4,6,baseline_nonfused,1,29,4.3719259997487825
2026-09-07T09:57:56.968409,rpi4,32,16,14,14,4,6,fused,1,0,4.405110999869066
2026-09-07T09:57:56.968409,rpi4,32,16,14,14,4,6,fused,1,1,4.403463000016927
2026-09-07T09:57:56.968409,rpi4,32,16,14,14,4,6,fused,1,2,4.373074000341148
2026-09-07T09:57:56.968409,rpi4,32,16,14,14,4,6,fused,1,3,4.4043339999007
2026-09-07T09:57:56.968409,rpi4,32,16,14,14,4,6,fused,1,4,4.473611999856075
2026-09-07T09:57:56.968409,rpi4,32,16,14,14,4,6,fused,1,5,4.39446299969859
2026-09-07T09:57:56.968409,rpi4,32,16,14,14,4,6,fused,1,6,4.380370000035327
2026-09-07T09:57:56.968409,rpi4,32,16,14,14,4,6,fused,1,7,4.360036999969452
2026-09-07T09:57:56.968409,rpi4,32,16,14,14,4,6,fused,1,8,4.3639259997689805
2026-09-07T09:57:56.968409,rpi4,32,16,14,14,4,6,fused,1,9,4.380425999897852
2026-09-07T09:57:56.968409,rpi4,32,16,14,14,4,6,fused,1,10,4.373165999822959
2026-09-07T09:57:56.968409,rpi4,32,16,14,14,4,6,fused,1,11,4.387740999845846
2026-09-07T09:57:56.968409,rpi4,32,16,14,14,4,6,fused,1,12,4.362240999853384
2026-09-07T09:57:56.968409,rpi4,32,16,14,14,4,6,fused,1,13,4.374944000119285
2026-09-07T09:57:56.968409,rpi4,32,16,14,14,4,6,fused,1,14,4.366258999652928
2026-09-07T09:57:56.968409,rpi4,32,16,14,14,4,6,fused,1,15,4.358796999895276
2026-09-07T09:57:56.968409,rpi4,32,16,14,14,4,6,fused,1,16,4.357519000222965
2026-09-07T09:57:56.968409,rpi4,32,16,14,14,4,6,fused,1,17,4.356777999873884
2026-09-07T09:57:56.968409,rpi4,32,16,14,14,4,6,fused,1,18,4.3812409999191
2026-09-07T09:57:56.968409,rpi4,32,16,14,14,4,6,fused,1,19,4.378260000066803
2026-09-07T09:57:56.968409,rpi4,32,16,14,14,4,6,fused,1,20,4.371110999727534
2026-09-07T09:57:56.968409,rpi4,32,16,14,14,4,6,fused,1,21,4.373387999748957
2026-09-07T09:57:56.968409,rpi4,32,16,14,14,4,6,fused,1,22,4.3662779999067425
2026-09-07T09:57:56.968409,rpi4,32,16,14,14,4,6,fused,1,23,4.360999999789783
2026-09-07T09:57:56.968409,rpi4,32,16,14,14,4,6,fused,1,24,4.361425999832136
2026-09-07T09:57:56.968409,rpi4,32,16,14,14,4,6,fused,1,25,4.359037000085664
2026-09-07T09:57:56.968409,rpi4,32,16,14,14,4,6,fused,1,26,4.362463000234129
2026-09-07T09:57:56.968409,rpi4,32,16,14,14,4,6,fused,1,27,4.368166999938694
2026-09-07T09:57:56.968409,rpi4,32,16,14,14,4,6,fused,1,28,4.361388999768678
2026-09-07T09:57:56.968409,rpi4,32,16,14,14,4,6,fused,1,29,4.357797000011487
2026-09-07T09:57:56.968409,rpi4,32,32,14,14,4,6,baseline_nonfused,1,0,13.396093000210385
2026-09-07T09:57:56.968409,rpi4,32,32,14,14,4,6,baseline_nonfused,1,1,13.37155500004883
2026-09-07T09:57:56.968409,rpi4,32,32,14,14,4,6,baseline_nonfused,1,2,13.4134259997154
2026-09-07T09:57:56.968409,rpi4,32,32,14,14,4,6,baseline_nonfused,1,3,13.372629000059533
2026-09-07T09:57:56.968409,rpi4,32,32,14,14,4,6,baseline_nonfused,1,4,13.402037000105338
2026-09-07T09:57:56.968409,rpi4,32,32,14,14,4,6,baseline_nonfused,1,5,13.396740999723988
2026-09-07T09:57:56.968409,rpi4,32,32,14,14,4,6,baseline_nonfused,1,6,13.361389000237978
2026-09-07T09:57:56.968409,rpi4,32,32,14,14,4,6,baseline_nonfused,1,7,13.430703999802063
2026-09-07T09:57:56.968409,rpi4,32,32,14,14,4,6,baseline_nonfused,1,8,13.381110999944212
2026-09-07T09:57:56.968409,rpi4,32,32,14,14,4,6,baseline_nonfused,1,9,13.394351999977516
2026-09-07T09:57:56.968409,rpi4,32,32,14,14,4,6,baseline_nonfused,1,10,13.42446300031952
2026-09-07T09:57:56.968409,rpi4,32,32,14,14,4,6,baseline_nonfused,1,11,13.477481999871088
2026-09-07T09:57:56.968409,rpi4,32,32,14,14,4,6,baseline_nonfused,1,12,13.405665999925986
2026-09-07T09:57:56.968409,rpi4,32,32,14,14,4,6,baseline_nonfused,1,13,13.425889000245661
2026-09-07T09:57:56.968409,rpi4,32,32,14,14,4,6,baseline_nonfused,1,14,13.397592999808694
2026-09-07T09:57:56.968409,rpi4,32,32,14,14,4,6,baseline_nonfused,1,15,13.398556000083772
2026-09-07T09:57:56.968409,rpi4,32,32,14,14,4,6,baseline_nonfused,1,16,13.460166999720968
2026-09-07T09:57:56.968409,rpi4,32,32,14,14,4,6,baseline_nonfused,1,17,13.402833000327519
2026-09-07T09:57:56.968409,rpi4,32,32,14,14,4,6,baseline_nonfused,1,18,13.383185000293452
2026-09-07T09:57:56.968409,rpi4,32,32,14,14,4,6,baseline_nonfused,1,19,13.368258999889804
2026-09-07T09:57:56.968409,rpi4,32,32,14,14,4,6,baseline_nonfused,1,20,13.372888000048988
2026-09-07T09:57:56.968409,rpi4,32,32,14,14,4,6,baseline_nonfused,1,21,13.38050000003932
2026-09-07T09:57:56.968409,rpi4,32,32,14,14,4,6,baseline_nonfused,1,22,13.372500000059517
2026-09-07T09:57:56.968409,rpi4,32,32,14,14,4,6,baseline_nonfused,1,23,13.360703999751422
2026-09-07T09:57:56.968409,rpi4,32,32,14,14,4,6,baseline_nonfused,1,24,13.392111000030127
2026-09-07T09:57:56.968409,rpi4,32,32,14,14,4,6,baseline_nonfused,1,25,13.375629000165645
2026-09-07T09:57:56.968409,rpi4,32,32,14,14,4,6,baseline_nonfused,1,26,13.3577769997828
2026-09-07T09:57:56.968409,rpi4,32,32,14,14,4,6,baseline_nonfused,1,27,13.37212999987969
2026-09-07T09:57:56.968409,rpi4,32,32,14,14,4,6,baseline_nonfused,1,28,13.369666000016878
2026-09-07T09:57:56.968409,rpi4,32,32,14,14,4,6,baseline_nonfused,1,29,13.375647999964713
2026-09-07T09:57:56.968409,rpi4,32,32,14,14,4,6,fused,1,0,13.365148000048066
2026-09-07T09:57:56.968409,rpi4,32,32,14,14,4,6,fused,1,1,13.350888999866584
2026-09-07T09:57:56.968409,rpi4,32,32,14,14,4,6,fused,1,2,13.33020399988527
2026-09-07T09:57:56.968409,rpi4,32,32,14,14,4,6,fused,1,3,13.359982000110904
2026-09-07T09:57:56.968409,rpi4,32,32,14,14,4,6,fused,1,4,13.354612000057386
2026-09-07T09:57:56.968409,rpi4,32,32,14,14,4,6,fused,1,5,13.412295999842172
2026-09-07T09:57:56.968409,rpi4,32,32,14,14,4,6,fused,1,6,13.31727700016927
2026-09-07T09:57:56.968409,rpi4,32,32,14,14,4,6,fused,1,7,13.323500000296917
2026-09-07T09:57:56.968409,rpi4,32,32,14,14,4,6,fused,1,8,13.403740999820002
2026-09-07T09:57:56.968409,rpi4,32,32,14,14,4,6,fused,1,9,13.331389000086347
2026-09-07T09:57:56.968409,rpi4,32,32,14,14,4,6,fused,1,10,13.34337099979166
2026-09-07T09:57:56.968409,rpi4,32,32,14,14,4,6,fused,1,11,13.318704000084836
2026-09-07T09:57:56.968409,rpi4,32,32,14,14,4,6,fused,1,12,13.317166999968322
2026-09-07T09:57:56.968409,rpi4,32,32,14,14,4,6,fused,1,13,13.32075900018026
2026-09-07T09:57:56.968409,rpi4,32,32,14,14,4,6,fused,1,14,13.901981999879354
2026-09-07T09:57:56.968409,rpi4,32,32,14,14,4,6,fused,1,15,13.375851000091643
2026-09-07T09:57:56.968409,rpi4,32,32,14,14,4,6,fused,1,16,13.362555000185239
2026-09-07T09:57:56.968409,rpi4,32,32,14,14,4,6,fused,1,17,13.444167000216112
2026-09-07T09:57:56.968409,rpi4,32,32,14,14,4,6,fused,1,18,13.362056000005396
2026-09-07T09:57:56.968409,rpi4,32,32,14,14,4,6,fused,1,19,13.368314000217651
2026-09-07T09:57:56.968409,rpi4,32,32,14,14,4,6,fused,1,20,13.35046299982423
2026-09-07T09:57:56.968409,rpi4,32,32,14,14,4,6,fused,1,21,13.332241000171052
2026-09-07T09:57:56.968409,rpi4,32,32,14,14,4,6,fused,1,22,13.443407000067964
2026-09-07T09:57:56.968409,rpi4,32,32,14,14,4,6,fused,1,23,13.33281499955774
2026-09-07T09:57:56.968409,rpi4,32,32,14,14,4,6,fused,1,24,13.337129999854369
2026-09-07T09:57:56.968409,rpi4,32,32,14,14,4,6,fused,1,25,13.332204000107595
2026-09-07T09:57:56.968409,rpi4,32,32,14,14,4,6,fused,1,26,13.329723000424565
2026-09-07T09:57:56.968409,rpi4,32,32,14,14,4,6,fused,1,27,13.347610999971948
2026-09-07T09:57:56.968409,rpi4,32,32,14,14,4,6,fused,1,28,13.34553699962271
2026-09-07T09:57:56.968409,rpi4,32,32,14,14,4,6,fused,1,29,13.344314999812923
2026-09-07T09:57:56.968409,rpi4,32,64,14,14,4,6,baseline_nonfused,1,0,43.631982000079006
2026-09-07T09:57:56.968409,rpi4,32,64,14,14,4,6,baseline_nonfused,1,1,43.758110999988276
2026-09-07T09:57:56.968409,rpi4,32,64,14,14,4,6,baseline_nonfused,1,2,43.55203699969934
2026-09-07T09:57:56.968409,rpi4,32,64,14,14,4,6,baseline_nonfused,1,3,43.599556000117445
2026-09-07T09:57:56.968409,rpi4,32,64,14,14,4,6,baseline_nonfused,1,4,43.6693709998508
2026-09-07T09:57:56.968409,rpi4,32,64,14,14,4,6,baseline_nonfused,1,5,47.4237040002663
2026-09-07T09:57:56.968409,rpi4,32,64,14,14,4,6,baseline_nonfused,1,6,44.337648000237095
2026-09-07T09:57:56.968409,rpi4,32,64,14,14,4,6,baseline_nonfused,1,7,44.97212899968872
2026-09-07T09:57:56.968409,rpi4,32,64,14,14,4,6,baseline_nonfused,1,8,44.046500000149535
2026-09-07T09:57:56.968409,rpi4,32,64,14,14,4,6,baseline_nonfused,1,9,44.30879600022308
2026-09-07T09:57:56.968409,rpi4,32,64,14,14,4,6,baseline_nonfused,1,10,43.80492600012076
2026-09-07T09:57:56.968409,rpi4,32,64,14,14,4,6,baseline_nonfused,1,11,43.747166999764886
2026-09-07T09:57:56.968409,rpi4,32,64,14,14,4,6,baseline_nonfused,1,12,43.74124100013432
2026-09-07T09:57:56.968409,rpi4,32,64,14,14,4,6,baseline_nonfused,1,13,43.72690800028067
2026-09-07T09:57:56.968409,rpi4,32,64,14,14,4,6,baseline_nonfused,1,14,43.7287960003232
2026-09-07T09:57:56.968409,rpi4,32,64,14,14,4,6,baseline_nonfused,1,15,43.66072199991322
2026-09-07T09:57:56.968409,rpi4,32,64,14,14,4,6,baseline_nonfused,1,16,43.71683299996221
2026-09-07T09:57:56.968409,rpi4,32,64,14,14,4,6,baseline_nonfused,1,17,44.13320300000123
2026-09-07T09:57:56.968409,rpi4,32,64,14,14,4,6,baseline_nonfused,1,18,43.849000000136584
2026-09-07T09:57:56.968409,rpi4,32,64,14,14,4,6,baseline_nonfused,1,19,43.8101849999839
2026-09-07T09:57:56.968409,rpi4,32,64,14,14,4,6,baseline_nonfused,1,20,44.001758999911544
2026-09-07T09:57:56.968409,rpi4,32,64,14,14,4,6,baseline_nonfused,1,21,43.87392599983286
2026-09-07T09:57:56.968409,rpi4,32,64,14,14,4,6,baseline_nonfused,1,22,43.835684999976365
2026-09-07T09:57:56.968409,rpi4,32,64,14,14,4,6,baseline_nonfused,1,23,43.81531499984703
2026-09-07T09:57:56.968409,rpi4,32,64,14,14,4,6,baseline_nonfused,1,24,43.90590700040775
2026-09-07T09:57:56.968409,rpi4,32,64,14,14,4,6,baseline_nonfused,1,25,43.83244500013461
2026-09-07T09:57:56.968409,rpi4,32,64,14,14,4,6,baseline_nonfused,1,26,43.773296999916056
2026-09-07T09:57:56.968409,rpi4,32,64,14,14,4,6,baseline_nonfused,1,27,43.81237000006877
2026-09-07T09:57:56.968409,rpi4,32,64,14,14,4,6,baseline_nonfused,1,28,44.039278000127524
2026-09-07T09:57:56.968409,rpi4,32,64,14,14,4,6,baseline_nonfused,1,29,43.890610999824275
2026-09-07T09:57:56.968409,rpi4,32,64,14,14,4,6,fused,1,0,43.84399999980815
2026-09-07T09:57:56.968409,rpi4,32,64,14,14,4,6,fused,1,1,43.73424100003831
2026-09-07T09:57:56.968409,rpi4,32,64,14,14,4,6,fused,1,2,43.66716699996687
2026-09-07T09:57:56.968409,rpi4,32,64,14,14,4,6,fused,1,3,43.76037100018948
2026-09-07T09:57:56.968409,rpi4,32,64,14,14,4,6,fused,1,4,43.67775899982007
2026-09-07T09:57:56.968409,rpi4,32,64,14,14,4,6,fused,1,5,43.63157400030104
2026-09-07T09:57:56.968409,rpi4,32,64,14,14,4,6,fused,1,6,43.625148000046465
2026-09-07T09:57:56.968409,rpi4,32,64,14,14,4,6,fused,1,7,43.81887099998494
2026-09-07T09:57:56.968409,rpi4,32,64,14,14,4,6,fused,1,8,43.642499999805295
2026-09-07T09:57:56.968409,rpi4,32,64,14,14,4,6,fused,1,9,43.671074000030785
2026-09-07T09:57:56.968409,rpi4,32,64,14,14,4,6,fused,1,10,43.71429600041665
2026-09-07T09:57:56.968409,rpi4,32,64,14,14,4,6,fused,1,11,43.90605600019626
2026-09-07T09:57:56.968409,rpi4,32,64,14,14,4,6,fused,1,12,43.857406999904924
2026-09-07T09:57:56.968409,rpi4,32,64,14,14,4,6,fused,1,13,44.78577800000494
2026-09-07T09:57:56.968409,rpi4,32,64,14,14,4,6,fused,1,14,43.88538900002459
2026-09-07T09:57:56.968409,rpi4,32,64,14,14,4,6,fused,1,15,44.03194499991514
2026-09-07T09:57:56.968409,rpi4,32,64,14,14,4,6,fused,1,16,43.91151900017576
2026-09-07T09:57:56.968409,rpi4,32,64,14,14,4,6,fused,1,17,43.87203700025566
2026-09-07T09:57:56.968409,rpi4,32,64,14,14,4,6,fused,1,18,43.799407000278734
2026-09-07T09:57:56.968409,rpi4,32,64,14,14,4,6,fused,1,19,43.8192770002388
2026-09-07T09:57:56.968409,rpi4,32,64,14,14,4,6,fused,1,20,43.87642599976971
2026-09-07T09:57:56.968409,rpi4,32,64,14,14,4,6,fused,1,21,43.878128999949695
2026-09-07T09:57:56.968409,rpi4,32,64,14,14,4,6,fused,1,22,43.90698199995313
2026-09-07T09:57:56.968409,rpi4,32,64,14,14,4,6,fused,1,23,43.76694500024314
2026-09-07T09:57:56.968409,rpi4,32,64,14,14,4,6,fused,1,24,43.6904630000754
2026-09-07T09:57:56.968409,rpi4,32,64,14,14,4,6,fused,1,25,43.70414899995012
2026-09-07T09:57:56.968409,rpi4,32,64,14,14,4,6,fused,1,26,43.81590699995286
2026-09-07T09:57:56.968409,rpi4,32,64,14,14,4,6,fused,1,27,43.68751899983181
2026-09-07T09:57:56.968409,rpi4,32,64,14,14,4,6,fused,1,28,43.61925999955929
2026-09-07T09:57:56.968409,rpi4,32,64,14,14,4,6,fused,1,29,43.60601899998073
2026-09-07T09:57:56.968409,rpi4,64,32,14,14,4,6,baseline_nonfused,1,0,21.80344399994283
2026-09-07T09:57:56.968409,rpi4,64,32,14,14,4,6,baseline_nonfused,1,1,22.47287000000142
2026-09-07T09:57:56.968409,rpi4,64,32,14,14,4,6,baseline_nonfused,1,2,21.924851999756356
2026-09-07T09:57:56.968409,rpi4,64,32,14,14,4,6,baseline_nonfused,1,3,21.78651899976103
2026-09-07T09:57:56.968409,rpi4,64,32,14,14,4,6,baseline_nonfused,1,4,21.74007400026312
2026-09-07T09:57:56.968409,rpi4,64,32,14,14,4,6,baseline_nonfused,1,5,21.77946299980249
2026-09-07T09:57:56.968409,rpi4,64,32,14,14,4,6,baseline_nonfused,1,6,21.75894399988465
2026-09-07T09:57:56.968409,rpi4,64,32,14,14,4,6,baseline_nonfused,1,7,21.73442600042108
2026-09-07T09:57:56.968409,rpi4,64,32,14,14,4,6,baseline_nonfused,1,8,22.070518999953492
2026-09-07T09:57:56.968409,rpi4,64,32,14,14,4,6,baseline_nonfused,1,9,21.776314999897295
2026-09-07T09:57:56.968409,rpi4,64,32,14,14,4,6,baseline_nonfused,1,10,21.752758999809885
2026-09-07T09:57:56.968409,rpi4,64,32,14,14,4,6,baseline_nonfused,1,11,21.74072200023147
2026-09-07T09:57:56.968409,rpi4,64,32,14,14,4,6,baseline_nonfused,1,12,24.900278000131948
2026-09-07T09:57:56.968409,rpi4,64,32,14,14,4,6,baseline_nonfused,1,13,22.044018999622494
2026-09-07T09:57:56.968409,rpi4,64,32,14,14,4,6,baseline_nonfused,1,14,22.00207399982901
2026-09-07T09:57:56.968409,rpi4,64,32,14,14,4,6,baseline_nonfused,1,15,21.852019000107248
2026-09-07T09:57:56.968409,rpi4,64,32,14,14,4,6,baseline_nonfused,1,16,21.832130000348116
2026-09-07T09:57:56.968409,rpi4,64,32,14,14,4,6,baseline_nonfused,1,17,21.695185000226047
2026-09-07T09:57:56.968409,rpi4,64,32,14,14,4,6,baseline_nonfused,1,18,21.713536999868666
2026-09-07T09:57:56.968409,rpi4,64,32,14,14,4,6,baseline_nonfused,1,19,21.677834000001894
2026-09-07T09:57:56.968409,rpi4,64,32,14,14,4,6,baseline_nonfused,1,20,21.668128999863256
2026-09-07T09:57:56.968409,rpi4,64,32,14,14,4,6,baseline_nonfused,1,21,21.86305600025662
2026-09-07T09:57:56.968409,rpi4,64,32,14,14,4,6,baseline_nonfused,1,22,21.795702999952482
2026-09-07T09:57:56.968409,rpi4,64,32,14,14,4,6,baseline_nonfused,1,23,21.73546299991358
2026-09-07T09:57:56.968409,rpi4,64,32,14,14,4,6,baseline_nonfused,1,24,21.654703999956837
2026-09-07T09:57:56.968409,rpi4,64,32,14,14,4,6,baseline_nonfused,1,25,21.671444999810774
2026-09-07T09:57:56.968409,rpi4,64,32,14,14,4,6,baseline_nonfused,1,26,21.63198200014449
2026-09-07T09:57:56.968409,rpi4,64,32,14,14,4,6,baseline_nonfused,1,27,21.661130000211415
2026-09-07T09:57:56.968409,rpi4,64,32,14,14,4,6,baseline_nonfused,1,28,21.667463000085263
2026-09-07T09:57:56.968409,rpi4,64,32,14,14,4,6,baseline_nonfused,1,29,21.65944500029582
2026-09-07T09:57:56.968409,rpi4,64,32,14,14,4,6,fused,1,0,21.727703999658843
2026-09-07T09:57:56.968409,rpi4,64,32,14,14,4,6,fused,1,1,21.853203999853577
2026-09-07T09:57:56.968409,rpi4,64,32,14,14,4,6,fused,1,2,21.789481999803684
2026-09-07T09:57:56.968409,rpi4,64,32,14,14,4,6,fused,1,3,21.763000000191823
2026-09-07T09:57:56.968409,rpi4,64,32,14,14,4,6,fused,1,4,21.805388999837305
2026-09-07T09:57:56.968409,rpi4,64,32,14,14,4,6,fused,1,5,21.7602969996733
2026-09-07T09:57:56.968409,rpi4,64,32,14,14,4,6,fused,1,6,21.753592000095523
2026-09-07T09:57:56.968409,rpi4,64,32,14,14,4,6,fused,1,7,22.47803699992801
2026-09-07T09:57:56.968409,rpi4,64,32,14,14,4,6,fused,1,8,21.79974000000584
2026-09-07T09:57:56.968409,rpi4,64,32,14,14,4,6,fused,1,9,21.771277999960148
2026-09-07T09:57:56.968409,rpi4,64,32,14,14,4,6,fused,1,10,21.95918500001426
2026-09-07T09:57:56.968409,rpi4,64,32,14,14,4,6,fused,1,11,21.744184999988647
2026-09-07T09:57:56.968409,rpi4,64,32,14,14,4,6,fused,1,12,21.679536999727134
2026-09-07T09:57:56.968409,rpi4,64,32,14,14,4,6,fused,1,13,21.729240999775357
2026-09-07T09:57:56.968409,rpi4,64,32,14,14,4,6,fused,1,14,21.80085199961468
2026-09-07T09:57:56.968409,rpi4,64,32,14,14,4,6,fused,1,15,21.726758999648155
2026-09-07T09:57:56.968409,rpi4,64,32,14,14,4,6,fused,1,16,21.690037000098528
2026-09-07T09:57:56.968409,rpi4,64,32,14,14,4,6,fused,1,17,21.649370999966777
2026-09-07T09:57:56.968409,rpi4,64,32,14,14,4,6,fused,1,18,21.662462999756826
2026-09-07T09:57:56.968409,rpi4,64,32,14,14,4,6,fused,1,19,21.67131399983191
2026-09-07T09:57:56.968409,rpi4,64,32,14,14,4,6,fused,1,20,21.68559199981246
2026-09-07T09:57:56.968409,rpi4,64,32,14,14,4,6,fused,1,21,21.64290800010349
2026-09-07T09:57:56.968409,rpi4,64,32,14,14,4,6,fused,1,22,21.641332999934093
2026-09-07T09:57:56.968409,rpi4,64,32,14,14,4,6,fused,1,23,21.61453700000493
2026-09-07T09:57:56.968409,rpi4,64,32,14,14,4,6,fused,1,24,21.59229700009746
2026-09-07T09:57:56.968409,rpi4,64,32,14,14,4,6,fused,1,25,21.639073999722314
2026-09-07T09:57:56.968409,rpi4,64,32,14,14,4,6,fused,1,26,21.60038900001382
2026-09-07T09:57:56.968409,rpi4,64,32,14,14,4,6,fused,1,27,21.762500000022555
2026-09-07T09:57:56.968409,rpi4,64,32,14,14,4,6,fused,1,28,21.724056000039127
2026-09-07T09:57:56.968409,rpi4,64,32,14,14,4,6,fused,1,29,21.707666000111203
2026-09-07T09:57:56.968409,rpi4,64,64,14,14,4,6,baseline_nonfused,1,0,85.84635199986224
2026-09-07T09:57:56.968409,rpi4,64,64,14,14,4,6,baseline_nonfused,1,1,85.7504999999037
2026-09-07T09:57:56.968409,rpi4,64,64,14,14,4,6,baseline_nonfused,1,2,85.4643880002186
2026-09-07T09:57:56.968409,rpi4,64,64,14,14,4,6,baseline_nonfused,1,3,85.65244400006122
2026-09-07T09:57:56.968409,rpi4,64,64,14,14,4,6,baseline_nonfused,1,4,85.47979600007238
2026-09-07T09:57:56.968409,rpi4,64,64,14,14,4,6,baseline_nonfused,1,5,85.58809299984205
2026-09-07T09:57:56.968409,rpi4,64,64,14,14,4,6,baseline_nonfused,1,6,85.0475560000632
2026-09-07T09:57:56.968409,rpi4,64,64,14,14,4,6,baseline_nonfused,1,7,86.31214799970621
2026-09-07T09:57:56.968409,rpi4,64,64,14,14,4,6,baseline_nonfused,1,8,85.06768500001272
2026-09-07T09:57:56.968409,rpi4,64,64,14,14,4,6,baseline_nonfused,1,9,85.1696110003104
2026-09-07T09:57:56.968409,rpi4,64,64,14,14,4,6,baseline_nonfused,1,10,84.60579699976734
2026-09-07T09:57:56.968409,rpi4,64,64,14,14,4,6,baseline_nonfused,1,11,84.75226000018665
2026-09-07T09:57:56.968409,rpi4,64,64,14,14,4,6,baseline_nonfused,1,12,85.95218499976909
2026-09-07T09:57:56.968409,rpi4,64,64,14,14,4,6,baseline_nonfused,1,13,84.13725900027202
2026-09-07T09:57:56.968409,rpi4,64,64,14,14,4,6,baseline_nonfused,1,14,88.15499999991516
2026-09-07T09:57:56.968409,rpi4,64,64,14,14,4,6,baseline_nonfused,1,15,84.686629999851
2026-09-07T09:57:56.968409,rpi4,64,64,14,14,4,6,baseline_nonfused,1,16,84.48649999991176
2026-09-07T09:57:56.968409,rpi4,64,64,14,14,4,6,baseline_nonfused,1,17,84.98829600011959
2026-09-07T09:57:56.968409,rpi4,64,64,14,14,4,6,baseline_nonfused,1,18,85.54311099987899
2026-09-07T09:57:56.968409,rpi4,64,64,14,14,4,6,baseline_nonfused,1,19,86.41718599983506
2026-09-07T09:57:56.968409,rpi4,64,64,14,14,4,6,baseline_nonfused,1,20,85.19714799967915
2026-09-07T09:57:56.968409,rpi4,64,64,14,14,4,6,baseline_nonfused,1,21,85.37233300012304
2026-09-07T09:57:56.968409,rpi4,64,64,14,14,4,6,baseline_nonfused,1,22,85.0788709999506
2026-09-07T09:57:56.968409,rpi4,64,64,14,14,4,6,baseline_nonfused,1,23,84.94444400002976
2026-09-07T09:57:56.968409,rpi4,64,64,14,14,4,6,baseline_nonfused,1,24,85.01722200026052
2026-09-07T09:57:56.968409,rpi4,64,64,14,14,4,6,baseline_nonfused,1,25,85.00496299984661
2026-09-07T09:57:56.968409,rpi4,64,64,14,14,4,6,baseline_nonfused,1,26,85.06696299991745
2026-09-07T09:57:56.968409,rpi4,64,64,14,14,4,6,baseline_nonfused,1,27,85.08612900004664
2026-09-07T09:57:56.968409,rpi4,64,64,14,14,4,6,baseline_nonfused,1,28,84.82805599987842
2026-09-07T09:57:56.968409,rpi4,64,64,14,14,4,6,baseline_nonfused,1,29,85.1999070000602
2026-09-07T09:57:56.968409,rpi4,64,64,14,14,4,6,fused,1,0,84.58190700002888
2026-09-07T09:57:56.968409,rpi4,64,64,14,14,4,6,fused,1,1,84.84896300024047
2026-09-07T09:57:56.968409,rpi4,64,64,14,14,4,6,fused,1,2,86.38374100019064
2026-09-07T09:57:56.968409,rpi4,64,64,14,14,4,6,fused,1,3,85.67548199971498
2026-09-07T09:57:56.968409,rpi4,64,64,14,14,4,6,fused,1,4,85.45251800023834
2026-09-07T09:57:56.968409,rpi4,64,64,14,14,4,6,fused,1,5,85.35418500014202
2026-09-07T09:57:56.968409,rpi4,64,64,14,14,4,6,fused,1,6,85.16909299987674
2026-09-07T09:57:56.968409,rpi4,64,64,14,14,4,6,fused,1,7,85.35424100000455
2026-09-07T09:57:56.968409,rpi4,64,64,14,14,4,6,fused,1,8,85.35724000012124
2026-09-07T09:57:56.968409,rpi4,64,64,14,14,4,6,fused,1,9,85.42325999997047
2026-09-07T09:57:56.968409,rpi4,64,64,14,14,4,6,fused,1,10,85.4450930000894
2026-09-07T09:57:56.968409,rpi4,64,64,14,14,4,6,fused,1,11,85.41872199975842
2026-09-07T09:57:56.968409,rpi4,64,64,14,14,4,6,fused,1,12,85.25529600001391
2026-09-07T09:57:56.968409,rpi4,64,64,14,14,4,6,fused,1,13,90.48112900018168
2026-09-07T09:57:56.968409,rpi4,64,64,14,14,4,6,fused,1,14,86.59559299985631
2026-09-07T09:57:56.968409,rpi4,64,64,14,14,4,6,fused,1,15,85.44799999981478
2026-09-07T09:57:56.968409,rpi4,64,64,14,14,4,6,fused,1,16,85.3461290002997
2026-09-07T09:57:56.968409,rpi4,64,64,14,14,4,6,fused,1,17,85.31225899969286
2026-09-07T09:57:56.968409,rpi4,64,64,14,14,4,6,fused,1,18,85.05972200009637
2026-09-07T09:57:56.968409,rpi4,64,64,14,14,4,6,fused,1,19,85.1090920000388
2026-09-07T09:57:56.968409,rpi4,64,64,14,14,4,6,fused,1,20,84.96581500003231
2026-09-07T09:57:56.968409,rpi4,64,64,14,14,4,6,fused,1,21,84.86966600003143
2026-09-07T09:57:56.968409,rpi4,64,64,14,14,4,6,fused,1,22,84.74522200003776
2026-09-07T09:57:56.968409,rpi4,64,64,14,14,4,6,fused,1,23,84.93124100004934
2026-09-07T09:57:56.968409,rpi4,64,64,14,14,4,6,fused,1,24,84.77190800022072
2026-09-07T09:57:56.968409,rpi4,64,64,14,14,4,6,fused,1,25,85.55357400018693
2026-09-07T09:57:56.968409,rpi4,64,64,14,14,4,6,fused,1,26,86.36164800009283
2026-09-07T09:57:56.968409,rpi4,64,64,14,14,4,6,fused,1,27,85.35718499979339
2026-09-07T09:57:56.968409,rpi4,64,64,14,14,4,6,fused,1,28,85.20051899995451
2026-09-07T09:57:56.968409,rpi4,64,64,14,14,4,6,fused,1,29,85.2483880003092
2026-09-07T09:57:56.968409,rpi4,128,128,14,14,4,6,baseline_nonfused,1,0,2323.091869000109
2026-09-07T09:57:56.968409,rpi4,128,128,14,14,4,6,baseline_nonfused,1,1,2320.354165000026
2026-09-07T09:57:56.968409,rpi4,128,128,14,14,4,6,baseline_nonfused,1,2,2322.91764699994
2026-09-07T09:57:56.968409,rpi4,128,128,14,14,4,6,baseline_nonfused,1,3,2323.5604429996783
2026-09-07T09:57:56.968409,rpi4,128,128,14,14,4,6,baseline_nonfused,1,4,2320.5414439999004
2026-09-07T09:57:56.968409,rpi4,128,128,14,14,4,6,baseline_nonfused,1,5,2323.0313499998374
2026-09-07T09:57:56.968409,rpi4,128,128,14,14,4,6,baseline_nonfused,1,6,2321.8629620000684
2026-09-07T09:57:56.968409,rpi4,128,128,14,14,4,6,baseline_nonfused,1,7,2323.601961999884
2026-09-07T09:57:56.968409,rpi4,128,128,14,14,4,6,baseline_nonfused,1,8,2319.4060349997017
2026-09-07T09:57:56.968409,rpi4,128,128,14,14,4,6,baseline_nonfused,1,9,2324.20883199984
2026-09-07T09:57:56.968409,rpi4,128,128,14,14,4,6,baseline_nonfused,1,10,2325.1189060001707
2026-09-07T09:57:56.968409,rpi4,128,128,14,14,4,6,baseline_nonfused,1,11,2319.8692210003173
2026-09-07T09:57:56.968409,rpi4,128,128,14,14,4,6,baseline_nonfused,1,12,2321.79316499969
2026-09-07T09:57:56.968409,rpi4,128,128,14,14,4,6,baseline_nonfused,1,13,2325.210332000097
2026-09-07T09:57:56.968409,rpi4,128,128,14,14,4,6,baseline_nonfused,1,14,2318.679442999837
2026-09-07T09:57:56.968409,rpi4,128,128,14,14,4,6,baseline_nonfused,1,15,2322.645072999876
2026-09-07T09:57:56.968409,rpi4,128,128,14,14,4,6,baseline_nonfused,1,16,2323.4678130002067
2026-09-07T09:57:56.968409,rpi4,128,128,14,14,4,6,baseline_nonfused,1,17,2321.1152399999264
2026-09-07T09:57:56.968409,rpi4,128,128,14,14,4,6,baseline_nonfused,1,18,2321.349943000314
2026-09-07T09:57:56.968409,rpi4,128,128,14,14,4,6,baseline_nonfused,1,19,2322.92455400011
2026-09-07T09:57:56.968409,rpi4,128,128,14,14,4,6,baseline_nonfused,1,20,2322.750294999878
2026-09-07T09:57:56.968409,rpi4,128,128,14,14,4,6,baseline_nonfused,1,21,2318.7695920000806
2026-09-07T09:57:56.968409,rpi4,128,128,14,14,4,6,baseline_nonfused,1,22,2324.844460999884
2026-09-07T09:57:56.968409,rpi4,128,128,14,14,4,6,baseline_nonfused,1,23,2323.2116839999435
2026-09-07T09:57:56.968409,rpi4,128,128,14,14,4,6,baseline_nonfused,1,24,2317.7142019999337
2026-09-07T09:57:56.968409,rpi4,128,128,14,14,4,6,baseline_nonfused,1,25,2323.162979999779
2026-09-07T09:57:56.968409,rpi4,128,128,14,14,4,6,baseline_nonfused,1,26,2322.310479999942
2026-09-07T09:57:56.968409,rpi4,128,128,14,14,4,6,baseline_nonfused,1,27,2320.564869000009
2026-09-07T09:57:56.968409,rpi4,128,128,14,14,4,6,baseline_nonfused,1,28,2322.6018499999554
2026-09-07T09:57:56.968409,rpi4,128,128,14,14,4,6,baseline_nonfused,1,29,2323.7374800000907
2026-09-07T09:57:56.968409,rpi4,128,128,14,14,4,6,fused,1,0,2323.0341660000704
2026-09-07T09:57:56.968409,rpi4,128,128,14,14,4,6,fused,1,1,2321.2458319999314
2026-09-07T09:57:56.968409,rpi4,128,128,14,14,4,6,fused,1,2,2321.692887000154
2026-09-07T09:57:56.968409,rpi4,128,128,14,14,4,6,fused,1,3,2322.698554999988
2026-09-07T09:57:56.968409,rpi4,128,128,14,14,4,6,fused,1,4,2320.9513689998857
2026-09-07T09:57:56.968409,rpi4,128,128,14,14,4,6,fused,1,5,2321.280368999851
2026-09-07T09:57:56.968409,rpi4,128,128,14,14,4,6,fused,1,6,2320.989016999647
2026-09-07T09:57:56.968409,rpi4,128,128,14,14,4,6,fused,1,7,2318.5436100002335
2026-09-07T09:57:56.968409,rpi4,128,128,14,14,4,6,fused,1,8,2322.5535350002247
2026-09-07T09:57:56.968409,rpi4,128,128,14,14,4,6,fused,1,9,2323.3667209997293
2026-09-07T09:57:56.968409,rpi4,128,128,14,14,4,6,fused,1,10,2325.5425729998933
2026-09-07T09:57:56.968409,rpi4,128,128,14,14,4,6,fused,1,11,2324.929073000021
2026-09-07T09:57:56.968409,rpi4,128,128,14,14,4,6,fused,1,12,2321.9917940000414
2026-09-07T09:57:56.968409,rpi4,128,128,14,14,4,6,fused,1,13,2323.750721000124
2026-09-07T09:57:56.968409,rpi4,128,128,14,14,4,6,fused,1,14,2320.1654609997604
2026-09-07T09:57:56.968409,rpi4,128,128,14,14,4,6,fused,1,15,2321.8706279999424
2026-09-07T09:57:56.968409,rpi4,128,128,14,14,4,6,fused,1,16,2322.0193319998543
2026-09-07T09:57:56.968409,rpi4,128,128,14,14,4,6,fused,1,17,2320.7852949999506
2026-09-07T09:57:56.968409,rpi4,128,128,14,14,4,6,fused,1,18,2322.4250909997863
2026-09-07T09:57:56.968409,rpi4,128,128,14,14,4,6,fused,1,19,2322.331406000103
2026-09-07T09:57:56.968409,rpi4,128,128,14,14,4,6,fused,1,20,2320.6018319997384
2026-09-07T09:57:56.968409,rpi4,128,128,14,14,4,6,fused,1,21,2323.0520909996812
2026-09-07T09:57:56.968409,rpi4,128,128,14,14,4,6,fused,1,22,2325.2579249997325
2026-09-07T09:57:56.968409,rpi4,128,128,14,14,4,6,fused,1,23,2324.0825349998886
2026-09-07T09:57:56.968409,rpi4,128,128,14,14,4,6,fused,1,24,2319.427293999979
2026-09-07T09:57:56.968409,rpi4,128,128,14,14,4,6,fused,1,25,2323.262090999833
2026-09-07T09:57:56.968409,rpi4,128,128,14,14,4,6,fused,1,26,2325.002738999956
2026-09-07T09:57:56.968409,rpi4,128,128,14,14,4,6,fused,1,27,2321.1928139999145
2026-09-07T09:57:56.968409,rpi4,128,128,14,14,4,6,fused,1,28,2323.179627999707
2026-09-07T09:57:56.968409,rpi4,128,128,14,14,4,6,fused,1,29,2324.7002019998035
