timestamp,c_in,c_out,m,tile_dim,tile_name,h,w,run_id,latency_ms
2026-09-07T10:01:44.738033,16,32,2,4,"F(2,3)",14,14,0,19.737537000310112
2026-09-07T10:01:44.738033,16,32,2,4,"F(2,3)",14,14,1,19.320036999943113
2026-09-07T10:01:44.738033,16,32,2,4,"F(2,3)",14,14,2,19.41061100023944
2026-09-07T10:01:44.738033,16,32,2,4,"F(2,3)",14,14,3,19.280906999938452
2026-09-07T10:01:44.738033,16,32,2,4,"F(2,3)",14,14,4,19.2707960000007
2026-09-07T10:01:44.738033,16,32,2,4,"F(2,3)",14,14,5,19.187500000043656
2026-09-07T10:01:44.738033,16,32,2,4,"F(2,3)",14,14,6,19.171221999840782
2026-09-07T10:01:44.738033,16,32,2,4,"F(2,3)",14,14,7,19.46498099960081
2026-09-07T10:01:44.738033,16,32,2,4,"F(2,3)",14,14,8,19.24566700017749
2026-09-07T10:01:44.738033,16,32,2,4,"F(2,3)",14,14,9,19.229481000365922
2026-09-07T10:01:44.738033,16,32,2,4,"F(2,3)",14,14,10,19.192019000001892
2026-09-07T10:01:44.738033,16,32,2,4,"F(2,3)",14,14,11,19.170685000062804
2026-09-07T10:01:44.738033,16,32,2,4,"F(2,3)",14,14,12,19.1547399999763
2026-09-07T10:01:44.738033,16,32,2,4,"F(2,3)",14,14,13,19.136333000005834
2026-09-07T10:01:44.738033,16,32,2,4,"F(2,3)",14,14,14,19.14211100029206
2026-09-07T10:01:44.738033,16,32,2,4,"F(2,3)",14,14,15,19.157462999828567
2026-09-07T10:01:44.738033,16,32,2,4,"F(2,3)",14,14,16,19.165333999808354
2026-09-07T10:01:44.738033,16,32,2,4,"F(2,3)",14,14,17,19.128463000015472
2026-09-07T10:01:44.738033,16,32,2,4,"F(2,3)",14,14,18,19.14618499995413
2026-09-07T10:01:44.738033,16,32,2,4,"F(2,3)",14,14,19,19.166166000104568
2026-09-07T10:01:44.738033,16,32,2,4,"F(2,3)",14,14,20,19.1624259996388
2026-09-07T10:01:44.738033,16,32,2,4,"F(2,3)",14,14,21,19.139148000249406
2026-09-07T10:01:44.738033,16,32,2,4,"F(2,3)",14,14,22,19.119388000035542
2026-09-07T10:01:44.738033,16,32,2,4,"F(2,3)",14,14,23,19.12837000008949
2026-09-07T10:01:44.738033,16,32,2,4,"F(2,3)",14,14,24,19.116740999834292
2026-09-07T10:01:44.738033,16,32,2,4,"F(2,3)",14,14,25,19.200721999823145
2026-09-07T10:01:44.738033,16,32,2,4,"F(2,3)",14,14,26,19.131999999899563
2026-09-07T10:01:44.738033,16,32,2,4,"F(2,3)",14,14,27,19.11351899980218
2026-09-07T10:01:44.738033,16,32,2,4,"F(2,3)",14,14,28,19.13637000006929
2026-09-07T10:01:44.738033,16,32,2,4,"F(2,3)",14,14,29,19.111647999579873
2026-09-07T10:01:44.738033,16,32,6,8,"F(6,3)",14,14,0,6.787797000015416
2026-09-07T10:01:44.738033,16,32,6,8,"F(6,3)",14,14,1,6.771407000087493
2026-09-07T10:01:44.738033,16,32,6,8,"F(6,3)",14,14,2,6.763741000213486
2026-09-07T10:01:44.738033,16,32,6,8,"F(6,3)",14,14,3,6.766776999938884
2026-09-07T10:01:44.738033,16,32,6,8,"F(6,3)",14,14,4,6.7593889998534
2026-09-07T10:01:44.738033,16,32,6,8,"F(6,3)",14,14,5,6.740314000126091
2026-09-07T10:01:44.738033,16,32,6,8,"F(6,3)",14,14,6,6.761555999673874
2026-09-07T10:01:44.738033,16,32,6,8,"F(6,3)",14,14,7,6.753221999588277
2026-09-07T10:01:44.738033,16,32,6,8,"F(6,3)",14,14,8,6.741204000263679
2026-09-07T10:01:44.738033,16,32,6,8,"F(6,3)",14,14,9,6.769684999653691
2026-09-07T10:01:44.738033,16,32,6,8,"F(6,3)",14,14,10,6.759760000022652
2026-09-07T10:01:44.738033,16,32,6,8,"F(6,3)",14,14,11,6.7359810000198195
2026-09-07T10:01:44.738033,16,32,6,8,"F(6,3)",14,14,12,6.761147999895911
2026-09-07T10:01:44.738033,16,32,6,8,"F(6,3)",14,14,13,6.766407000213803
2026-09-07T10:01:44.738033,16,32,6,8,"F(6,3)",14,14,14,6.7529259999901114
2026-09-07T10:01:44.738033,16,32,6,8,"F(6,3)",14,14,15,6.743019000168715
2026-09-07T10:01:44.738033,16,32,6,8,"F(6,3)",14,14,16,6.7671109995899315
2026-09-07T10:01:44.738033,16,32,6,8,"F(6,3)",14,14,17,6.768759000351565
2026-09-07T10:01:44.738033,16,32,6,8,"F(6,3)",14,14,18,6.749314999979106
2026-09-07T10:01:44.738033,16,32,6,8,"F(6,3)",14,14,19,6.750610999915807
2026-09-07T10:01:44.738033,16,32,6,8,"F(6,3)",14,14,20,6.756073999895307
2026-09-07T10:01:44.738033,16,32,6,8,"F(6,3)",14,14,21,6.7838710001524305
2026-09-07T10:01:44.738033,16,32,6,8,"F(6,3)",14,14,22,6.766776999938884
2026-09-07T10:01:44.738033,16,32,6,8,"F(6,3)",14,14,23,6.746314999872993
2026-09-07T10:01:44.738033,16,32,6,8,"F(6,3)",14,14,24,6.728870000188181
2026-09-07T10:01:44.738033,16,32,6,8,"F(6,3)",14,14,25,6.749259000116581
2026-09-07T10:01:44.738033,16,32,6,8,"F(6,3)",14,14,26,6.738350999967224
2026-09-07T10:01:44.738033,16,32,6,8,"F(6,3)",14,14,27,6.741741000041657
2026-09-07T10:01:44.738033,16,32,6,8,"F(6,3)",14,14,28,6.746500000190281
2026-09-07T10:01:44.738033,16,32,6,8,"F(6,3)",14,14,29,6.767332999970677
2026-09-07T10:01:44.738033,32,16,2,4,"F(2,3)",14,14,0,9.724869999899965
2026-09-07T10:01:44.738033,32,16,2,4,"F(2,3)",14,14,1,9.706629999982397
2026-09-07T10:01:44.738033,32,16,2,4,"F(2,3)",14,14,2,9.70633299994006
2026-09-07T10:01:44.738033,32,16,2,4,"F(2,3)",14,14,3,9.689962999800628
2026-09-07T10:01:44.738033,32,16,2,4,"F(2,3)",14,14,4,9.725759000048129
2026-09-07T10:01:44.738033,32,16,2,4,"F(2,3)",14,14,5,9.726963000048272
2026-09-07T10:01:44.738033,32,16,2,4,"F(2,3)",14,14,6,9.707499999876745
2026-09-07T10:01:44.738033,32,16,2,4,"F(2,3)",14,14,7,9.693167000023095
2026-09-07T10:01:44.738033,32,16,2,4,"F(2,3)",14,14,8,9.684740000011516
2026-09-07T10:01:44.738033,32,16,2,4,"F(2,3)",14,14,9,9.703536999950302
2026-09-07T10:01:44.738033,32,16,2,4,"F(2,3)",14,14,10,9.689776999948663
2026-09-07T10:01:44.738033,32,16,2,4,"F(2,3)",14,14,11,9.678074000021297
2026-09-07T10:01:44.738033,32,16,2,4,"F(2,3)",14,14,12,9.679000000232918
2026-09-07T10:01:44.738033,32,16,2,4,"F(2,3)",14,14,13,9.778721999737172
2026-09-07T10:01:44.738033,32,16,2,4,"F(2,3)",14,14,14,9.730056000080367
2026-09-07T10:01:44.738033,32,16,2,4,"F(2,3)",14,14,15,9.680036999725417
2026-09-07T10:01:44.738033,32,16,2,4,"F(2,3)",14,14,16,9.698166999896785
2026-09-07T10:01:44.738033,32,16,2,4,"F(2,3)",14,14,17,9.684037000170065
2026-09-07T10:01:44.738033,32,16,2,4,"F(2,3)",14,14,18,9.670111000104953
2026-09-07T10:01:44.738033,32,16,2,4,"F(2,3)",14,14,19,9.68200000033903
2026-09-07T10:01:44.738033,32,16,2,4,"F(2,3)",14,14,20,9.677980999640567
2026-09-07T10:01:44.738033,32,16,2,4,"F(2,3)",14,14,21,9.690369999589166
2026-09-07T10:01:44.738033,32,16,2,4,"F(2,3)",14,14,22,9.674407000147767
2026-09-07T10:01:44.738033,32,16,2,4,"F(2,3)",14,14,23,9.667814999829716
2026-09-07T10:01:44.738033,32,16,2,4,"F(2,3)",14,14,24,9.690778000276623
2026-09-07T10:01:44.738033,32,16,2,4,"F(2,3)",14,14,25,9.683036999831529
2026-09-07T10:01:44.738033,32,16,2,4,"F(2,3)",14,14,26,9.671370000432944
2026-09-07T10:01:44.738033,32,16,2,4,"F(2,3)",14,14,27,9.67731399987315
2026-09-07T10:01:44.738033,32,16,2,4,"F(2,3)",14,14,28,9.675870000137365
2026-09-07T10:01:44.738033,32,16,2,4,"F(2,3)",14,14,29,9.65874099983921
2026-09-07T10:01:44.738033,32,16,6,8,"F(6,3)",14,14,0,3.879537000102573
2026-09-07T10:01:44.738033,32,16,6,8,"F(6,3)",14,14,1,3.881593000187422
2026-09-07T10:01:44.738033,32,16,6,8,"F(6,3)",14,14,2,3.8748890001443215
2026-09-07T10:01:44.738033,32,16,6,8,"F(6,3)",14,14,3,3.8642589997834875
2026-09-07T10:01:44.738033,32,16,6,8,"F(6,3)",14,14,4,3.862537000259181
2026-09-07T10:01:44.738033,32,16,6,8,"F(6,3)",14,14,5,3.868925999995554
2026-09-07T10:01:44.738033,32,16,6,8,"F(6,3)",14,14,6,3.860221999730129
2026-09-07T10:01:44.738033,32,16,6,8,"F(6,3)",14,14,7,3.8663329996779794
2026-09-07T10:01:44.738033,32,16,6,8,"F(6,3)",14,14,8,3.871092999816028
2026-09-07T10:01:44.738033,32,16,6,8,"F(6,3)",14,14,9,3.8655180001114786
2026-09-07T10:01:44.738033,32,16,6,8,"F(6,3)",14,14,10,3.8624809999419085
2026-09-07T10:01:44.738033,32,16,6,8,"F(6,3)",14,14,11,3.8570370002162235
2026-09-07T10:01:44.738033,32,16,6,8,"F(6,3)",14,14,12,3.863184999772784
2026-09-07T10:01:44.738033,32,16,6,8,"F(6,3)",14,14,13,3.8606489997619065
2026-09-07T10:01:44.738033,32,16,6,8,"F(6,3)",14,14,14,3.8688879999426717
2026-09-07T10:01:44.738033,32,16,6,8,"F(6,3)",14,14,15,3.8603709999733837
2026-09-07T10:01:44.738033,32,16,6,8,"F(6,3)",14,14,16,3.8632770001640893
2026-09-07T10:01:44.738033,32,16,6,8,"F(6,3)",14,14,17,3.854999999930442
2026-09-07T10:01:44.738033,32,16,6,8,"F(6,3)",14,14,18,3.861222000068665
2026-09-07T10:01:44.738033,32,16,6,8,"F(6,3)",14,14,19,3.8648330000796705
2026-09-07T10:01:44.738033,32,16,6,8,"F(6,3)",14,14,20,3.857759000311489
2026-09-07T10:01:44.738033,32,16,6,8,"F(6,3)",14,14,21,3.8644450000901998
2026-09-07T10:01:44.738033,32,16,6,8,"F(6,3)",14,14,22,3.900833999978204
2026-09-07T10:01:44.738033,32,16,6,8,"F(6,3)",14,14,23,3.8723709999430866
2026-09-07T10:01:44.738033,32,16,6,8,"F(6,3)",14,14,24,3.869945000133157
2026-09-07T10:01:44.738033,32,16,6,8,"F(6,3)",14,14,25,3.875537000112672
2026-09-07T10:01:44.738033,32,16,6,8,"F(6,3)",14,14,26,3.8769439997849986
2026-09-07T10:01:44.738033,32,16,6,8,"F(6,3)",14,14,27,3.8826850000077684
2026-09-07T10:01:44.738033,32,16,6,8,"F(6,3)",14,14,28,3.8666109999212495
2026-09-07T10:01:44.738033,32,16,6,8,"F(6,3)",14,14,29,3.8860370000293187
2026-09-07T10:01:44.738033,32,32,2,4,"F(2,3)",14,14,0,24.955759000022226
2026-09-07T10:01:44.738033,32,32,2,4,"F(2,3)",14,14,1,27.2170369999003
2026-09-07T10:01:44.738033,32,32,2,4,"F(2,3)",14,14,2,25.06862900008855
2026-09-07T10:01:44.738033,32,32,2,4,"F(2,3)",14,14,3,24.96177800003352
2026-09-07T10:01:44.738033,32,32,2,4,"F(2,3)",14,14,4,24.945962999936455
2026-09-07T10:01:44.738033,32,32,2,4,"F(2,3)",14,14,5,24.93814800027394
2026-09-07T10:01:44.738033,32,32,2,4,"F(2,3)",14,14,6,24.96400000018184
2026-09-07T10:01:44.738033,32,32,2,4,"F(2,3)",14,14,7,25.01622199997655
2026-09-07T10:01:44.738033,32,32,2,4,"F(2,3)",14,14,8,24.96455500022421
2026-09-07T10:01:44.738033,32,32,2,4,"F(2,3)",14,14,9,24.95642499980022
2026-09-07T10:01:44.738033,32,32,2,4,"F(2,3)",14,14,10,24.903092999920773
2026-09-07T10:01:44.738033,32,32,2,4,"F(2,3)",14,14,11,24.961721999716247
2026-09-07T10:01:44.738033,32,32,2,4,"F(2,3)",14,14,12,24.8898330000884
2026-09-07T10:01:44.738033,32,32,2,4,"F(2,3)",14,14,13,24.856685000031575
2026-09-07T10:01:44.738033,32,32,2,4,"F(2,3)",14,14,14,24.914739999985613
2026-09-07T10:01:44.738033,32,32,2,4,"F(2,3)",14,14,15,24.92692599980728
2026-09-07T10:01:44.738033,32,32,2,4,"F(2,3)",14,14,16,24.944684999809397
2026-09-07T10:01:44.738033,32,32,2,4,"F(2,3)",14,14,17,24.962463000065327
2026-09-07T10:01:44.738033,32,32,2,4,"F(2,3)",14,14,18,24.904555000375694
2026-09-07T10:01:44.738033,32,32,2,4,"F(2,3)",14,14,19,24.894352000046638
2026-09-07T10:01:44.738033,32,32,2,4,"F(2,3)",14,14,20,24.867259000075137
2026-09-07T10:01:44.738033,32,32,2,4,"F(2,3)",14,14,21,24.84633299991401
2026-09-07T10:01:44.738033,32,32,2,4,"F(2,3)",14,14,22,24.86462999968353
2026-09-07T10:01:44.738033,32,32,2,4,"F(2,3)",14,14,23,24.859722000201145
2026-09-07T10:01:44.738033,32,32,2,4,"F(2,3)",14,14,24,24.881352000193147
2026-09-07T10:01:44.738033,32,32,2,4,"F(2,3)",14,14,25,24.86322200002178
2026-09-07T10:01:44.738033,32,32,2,4,"F(2,3)",14,14,26,24.84885200010467
2026-09-07T10:01:44.738033,32,32,2,4,"F(2,3)",14,14,27,24.926314999902388
2026-09-07T10:01:44.738033,32,32,2,4,"F(2,3)",14,14,28,24.866963000022224
2026-09-07T10:01:44.738033,32,32,2,4,"F(2,3)",14,14,29,24.960591999843018
2026-09-07T10:01:44.738033,32,32,6,8,"F(6,3)",14,14,0,12.599462999787647
2026-09-07T10:01:44.738033,32,32,6,8,"F(6,3)",14,14,1,12.603981999745884
2026-09-07T10:01:44.738033,32,32,6,8,"F(6,3)",14,14,2,12.559796000005008
2026-09-07T10:01:44.738033,32,32,6,8,"F(6,3)",14,14,3,12.650203000248439
2026-09-07T10:01:44.738033,32,32,6,8,"F(6,3)",14,14,4,12.516166000295925
2026-09-07T10:01:44.738033,32,32,6,8,"F(6,3)",14,14,5,12.548129999686353
2026-09-07T10:01:44.738033,32,32,6,8,"F(6,3)",14,14,6,12.46692599988819
2026-09-07T10:01:44.738033,32,32,6,8,"F(6,3)",14,14,7,12.480036999932054
2026-09-07T10:01:44.738033,32,32,6,8,"F(6,3)",14,14,8,12.564463000217074
2026-09-07T10:01:44.738033,32,32,6,8,"F(6,3)",14,14,9,12.536037000245415
2026-09-07T10:01:44.738033,32,32,6,8,"F(6,3)",14,14,10,12.519278000127088
2026-09-07T10:01:44.738033,32,32,6,8,"F(6,3)",14,14,11,12.478443999953015
2026-09-07T10:01:44.738033,32,32,6,8,"F(6,3)",14,14,12,12.485648000165384
2026-09-07T10:01:44.738033,32,32,6,8,"F(6,3)",14,14,13,12.480685000355152
2026-09-07T10:01:44.738033,32,32,6,8,"F(6,3)",14,14,14,12.506130000019766
2026-09-07T10:01:44.738033,32,32,6,8,"F(6,3)",14,14,15,12.587110999902507
2026-09-07T10:01:44.738033,32,32,6,8,"F(6,3)",14,14,16,12.634018999960972
2026-09-07T10:01:44.738033,32,32,6,8,"F(6,3)",14,14,17,12.537611000425386
2026-09-07T10:01:44.738033,32,32,6,8,"F(6,3)",14,14,18,12.524795999979688
2026-09-07T10:01:44.738033,32,32,6,8,"F(6,3)",14,14,19,12.505073999818705
2026-09-07T10:01:44.738033,32,32,6,8,"F(6,3)",14,14,20,12.5182780002433
2026-09-07T10:01:44.738033,32,32,6,8,"F(6,3)",14,14,21,12.490332999732345
2026-09-07T10:01:44.738033,32,32,6,8,"F(6,3)",14,14,22,12.463000000025204
2026-09-07T10:01:44.738033,32,32,6,8,"F(6,3)",14,14,23,12.559518000216485
2026-09-07T10:01:44.738033,32,32,6,8,"F(6,3)",14,14,24,12.500240999997914
2026-09-07T10:01:44.738033,32,32,6,8,"F(6,3)",14,14,25,12.508462999903713
2026-09-07T10:01:44.738033,32,32,6,8,"F(6,3)",14,14,26,12.507444000220858
2026-09-07T10:01:44.738033,32,32,6,8,"F(6,3)",14,14,27,12.472536999666772
2026-09-07T10:01:44.738033,32,32,6,8,"F(6,3)",14,14,28,12.471889000153169
2026-09-07T10:01:44.738033,32,32,6,8,"F(6,3)",14,14,29,12.47514799979399
2026-09-07T10:01:44.738033,32,64,2,4,"F(2,3)",14,14,0,68.36103699970408
2026-09-07T10:01:44.738033,32,64,2,4,"F(2,3)",14,14,1,68.38455500019336
2026-09-07T10:01:44.738033,32,64,2,4,"F(2,3)",14,14,2,68.30524099996182
2026-09-07T10:01:44.738033,32,64,2,4,"F(2,3)",14,14,3,68.33292600003915
2026-09-07T10:01:44.738033,32,64,2,4,"F(2,3)",14,14,4,68.35385199974553
2026-09-07T10:01:44.738033,32,64,2,4,"F(2,3)",14,14,5,68.27881500021249
2026-09-07T10:01:44.738033,32,64,2,4,"F(2,3)",14,14,6,68.3593710000423
2026-09-07T10:01:44.738033,32,64,2,4,"F(2,3)",14,14,7,68.19542599987471
2026-09-07T10:01:44.738033,32,64,2,4,"F(2,3)",14,14,8,69.17194500010737
2026-09-07T10:01:44.738033,32,64,2,4,"F(2,3)",14,14,9,68.57892600010018
2026-09-07T10:01:44.738033,32,64,2,4,"F(2,3)",14,14,10,68.3922589996655
2026-09-07T10:01:44.738033,32,64,2,4,"F(2,3)",14,14,11,68.42974100027277
2026-09-07T10:01:44.738033,32,64,2,4,"F(2,3)",14,14,12,68.28075900011754
2026-09-07T10:01:44.738033,32,64,2,4,"F(2,3)",14,14,13,68.2009819997802
2026-09-07T10:01:44.738033,32,64,2,4,"F(2,3)",14,14,14,68.31875899979423
2026-09-07T10:01:44.738033,32,64,2,4,"F(2,3)",14,14,15,68.09405600006357
2026-09-07T10:01:44.738033,32,64,2,4,"F(2,3)",14,14,16,68.23635199998535
2026-09-07T10:01:44.738033,32,64,2,4,"F(2,3)",14,14,17,68.33248099974298
2026-09-07T10:01:44.738033,32,64,2,4,"F(2,3)",14,14,18,68.40414800035433
2026-09-07T10:01:44.738033,32,64,2,4,"F(2,3)",14,14,19,68.48820300001535
2026-09-07T10:01:44.738033,32,64,2,4,"F(2,3)",14,14,20,68.33385200025077
2026-09-07T10:01:44.738033,32,64,2,4,"F(2,3)",14,14,21,68.44748100002107
2026-09-07T10:01:44.738033,32,64,2,4,"F(2,3)",14,14,22,68.55424100012897
2026-09-07T10:01:44.738033,32,64,2,4,"F(2,3)",14,14,23,68.91866600017238
2026-09-07T10:01:44.738033,32,64,2,4,"F(2,3)",14,14,24,68.41359200006991
2026-09-07T10:01:44.738033,32,64,2,4,"F(2,3)",14,14,25,68.50038900029176
2026-09-07T10:01:44.738033,32,64,2,4,"F(2,3)",14,14,26,68.38335199972789
2026-09-07T10:01:44.738033,32,64,2,4,"F(2,3)",14,14,27,68.25840699957553
2026-09-07T10:01:44.738033,32,64,2,4,"F(2,3)",14,14,28,68.26548099979846
2026-09-07T10:01:44.738033,32,64,2,4,"F(2,3)",14,14,29,69.18437000013
2026-09-07T10:01:44.738033,32,64,6,8,"F(6,3)",14,14,0,52.37727800022185
2026-09-07T10:01:44.738033,32,64,6,8,"F(6,3)",14,14,1,52.070352000100684
2026-09-07T10:01:44.738033,32,64,6,8,"F(6,3)",14,14,2,52.01311100017847
2026-09-07T10:01:44.738033,32,64,6,8,"F(6,3)",14,14,3,52.14499999965483
2026-09-07T10:01:44.738033,32,64,6,8,"F(6,3)",14,14,4,52.14783300016279
2026-09-07T10:01:44.738033,32,64,6,8,"F(6,3)",14,14,5,52.461536999999225
2026-09-07T10:01:44.738033,32,64,6,8,"F(6,3)",14,14,6,52.834870999959094
2026-09-07T10:01:44.738033,32,64,6,8,"F(6,3)",14,14,7,52.526574000239634
2026-09-07T10:01:44.738033,32,64,6,8,"F(6,3)",14,14,8,52.07086999962485
2026-09-07T10:01:44.738033,32,64,6,8,"F(6,3)",14,14,9,52.28714899976694
2026-09-07T10:01:44.738033,32,64,6,8,"F(6,3)",14,14,10,52.144666999993206
2026-09-07T10:01:44.738033,32,64,6,8,"F(6,3)",14,14,11,52.29770300002201
2026-09-07T10:01:44.738033,32,64,6,8,"F(6,3)",14,14,12,52.388036999673204
2026-09-07T10:01:44.738033,32,64,6,8,"F(6,3)",14,14,13,52.234093000151915
2026-09-07T10:01:44.738033,32,64,6,8,"F(6,3)",14,14,14,52.04001900028743
2026-09-07T10:01:44.738033,32,64,6,8,"F(6,3)",14,14,15,52.52020400030233
2026-09-07T10:01:44.738033,32,64,6,8,"F(6,3)",14,14,16,52.40301799994995
2026-09-07T10:01:44.738033,32,64,6,8,"F(6,3)",14,14,17,52.23816700026873
2026-09-07T10:01:44.738033,32,64,6,8,"F(6,3)",14,14,18,52.239889000247786
2026-09-07T10:01:44.738033,32,64,6,8,"F(6,3)",14,14,19,52.31042599962166
2026-09-07T10:01:44.738033,32,64,6,8,"F(6,3)",14,14,20,52.15833300007944
2026-09-07T10:01:44.738033,32,64,6,8,"F(6,3)",14,14,21,52.24637099991014
2026-09-07T10:01:44.738033,32,64,6,8,"F(6,3)",14,14,22,52.40426000000298
2026-09-07T10:01:44.738033,32,64,6,8,"F(6,3)",14,14,23,52.255130000048666
2026-09-07T10:01:44.738033,32,64,6,8,"F(6,3)",14,14,24,52.263667000261194
2026-09-07T10:01:44.738033,32,64,6,8,"F(6,3)",14,14,25,52.45101899981819
2026-09-07T10:01:44.738033,32,64,6,8,"F(6,3)",14,14,26,53.505554999901506
2026-09-07T10:01:44.738033,32,64,6,8,"F(6,3)",14,14,27,52.341259000058926
2026-09-07T10:01:44.738033,32,64,6,8,"F(6,3)",14,14,28,52.627055999892036
2026-09-07T10:01:44.738033,32,64,6,8,"F(6,3)",14,14,29,52.25194500008001
2026-09-07T10:01:44.738033,64,32,2,4,"F(2,3)",14,14,0,34.20787000004566
2026-09-07T10:01:44.738033,64,32,2,4,"F(2,3)",14,14,1,34.23809300011271
2026-09-07T10:01:44.738033,64,32,2,4,"F(2,3)",14,14,2,34.099869999863586
2026-09-07T10:01:44.738033,64,32,2,4,"F(2,3)",14,14,3,34.06827799972234
2026-09-07T10:01:44.738033,64,32,2,4,"F(2,3)",14,14,4,34.2670560003171
2026-09-07T10:01:44.738033,64,32,2,4,"F(2,3)",14,14,5,34.05827799997496
2026-09-07T10:01:44.738033,64,32,2,4,"F(2,3)",14,14,6,33.97059300004912
2026-09-07T10:01:44.738033,64,32,2,4,"F(2,3)",14,14,7,34.15311100025065
2026-09-07T10:01:44.738033,64,32,2,4,"F(2,3)",14,14,8,33.96853699996427
2026-09-07T10:01:44.738033,64,32,2,4,"F(2,3)",14,14,9,33.95901900012177
2026-09-07T10:01:44.738033,64,32,2,4,"F(2,3)",14,14,10,33.981518000018696
2026-09-07T10:01:44.738033,64,32,2,4,"F(2,3)",14,14,11,33.98413000013534
2026-09-07T10:01:44.738033,64,32,2,4,"F(2,3)",14,14,12,33.951333000004524
2026-09-07T10:01:44.738033,64,32,2,4,"F(2,3)",14,14,13,33.94659200012029
2026-09-07T10:01:44.738033,64,32,2,4,"F(2,3)",14,14,14,33.95153700012088
2026-09-07T10:01:44.738033,64,32,2,4,"F(2,3)",14,14,15,33.95014899979287
2026-09-07T10:01:44.738033,64,32,2,4,"F(2,3)",14,14,16,33.98053700038872
2026-09-07T10:01:44.738033,64,32,2,4,"F(2,3)",14,14,17,34.00792599995839
2026-09-07T10:01:44.738033,64,32,2,4,"F(2,3)",14,14,18,34.045981999952346
2026-09-07T10:01:44.738033,64,32,2,4,"F(2,3)",14,14,19,34.0479259998574
2026-09-07T10:01:44.738033,64,32,2,4,"F(2,3)",14,14,20,33.981369999764865
2026-09-07T10:01:44.738033,64,32,2,4,"F(2,3)",14,14,21,34.188702999927045
2026-09-07T10:01:44.738033,64,32,2,4,"F(2,3)",14,14,22,34.412314999826776
2026-09-07T10:01:44.738033,64,32,2,4,"F(2,3)",14,14,23,34.103536999737116
2026-09-07T10:01:44.738033,64,32,2,4,"F(2,3)",14,14,24,34.04992600007972
2026-09-07T10:01:44.738033,64,32,2,4,"F(2,3)",14,14,25,34.087166999597684
2026-09-07T10:01:44.738033,64,32,2,4,"F(2,3)",14,14,26,34.15446300004987
2026-09-07T10:01:44.738033,64,32,2,4,"F(2,3)",14,14,27,34.04292599998371
2026-09-07T10:01:44.738033,64,32,2,4,"F(2,3)",14,14,28,34.070332999817765
2026-09-07T10:01:44.738033,64,32,2,4,"F(2,3)",14,14,29,33.98718500011455
2026-09-07T10:01:44.738033,64,32,6,8,"F(6,3)",14,14,0,21.343055999750504
2026-09-07T10:01:44.738033,64,32,6,8,"F(6,3)",14,14,1,21.32440700006555
2026-09-07T10:01:44.738033,64,32,6,8,"F(6,3)",14,14,2,21.299981999618467
2026-09-07T10:01:44.738033,64,32,6,8,"F(6,3)",14,14,3,21.331722000013542
2026-09-07T10:01:44.738033,64,32,6,8,"F(6,3)",14,14,4,21.309500000370463
2026-09-07T10:01:44.738033,64,32,6,8,"F(6,3)",14,14,5,21.528648000185058
2026-09-07T10:01:44.738033,64,32,6,8,"F(6,3)",14,14,6,21.34203700006765
2026-09-07T10:01:44.738033,64,32,6,8,"F(6,3)",14,14,7,21.370815000409493
2026-09-07T10:01:44.738033,64,32,6,8,"F(6,3)",14,14,8,21.267907000037667
2026-09-07T10:01:44.738033,64,32,6,8,"F(6,3)",14,14,9,21.275925999816536
2026-09-07T10:01:44.738033,64,32,6,8,"F(6,3)",14,14,10,21.517147999929875
2026-09-07T10:01:44.738033,64,32,6,8,"F(6,3)",14,14,11,21.447000000080152
2026-09-07T10:01:44.738033,64,32,6,8,"F(6,3)",14,14,12,21.384759000284248
2026-09-07T10:01:44.738033,64,32,6,8,"F(6,3)",14,14,13,21.47687099977702
2026-09-07T10:01:44.738033,64,32,6,8,"F(6,3)",14,14,14,21.69070299987652
2026-09-07T10:01:44.738033,64,32,6,8,"F(6,3)",14,14,15,21.519480999813823
2026-09-07T10:01:44.738033,64,32,6,8,"F(6,3)",14,14,16,21.49779600040347
2026-09-07T10:01:44.738033,64,32,6,8,"F(6,3)",14,14,17,21.51490799997191
2026-09-07T10:01:44.738033,64,32,6,8,"F(6,3)",14,14,18,21.581630000127916
2026-09-07T10:01:44.738033,64,32,6,8,"F(6,3)",14,14,19,21.48135200013712
2026-09-07T10:01:44.738033,64,32,6,8,"F(6,3)",14,14,20,21.530740999878617
2026-09-07T10:01:44.738033,64,32,6,8,"F(6,3)",14,14,21,22.97825899995587
2026-09-07T10:01:44.738033,64,32,6,8,"F(6,3)",14,14,22,22.94607400017412
2026-09-07T10:01:44.738033,64,32,6,8,"F(6,3)",14,14,23,21.67012900008558
2026-09-07T10:01:44.738033,64,32,6,8,"F(6,3)",14,14,24,21.478074000242486
2026-09-07T10:01:44.738033,64,32,6,8,"F(6,3)",14,14,25,21.16625999997268
2026-09-07T10:01:44.738033,64,32,6,8,"F(6,3)",14,14,26,21.45259300004909
2026-09-07T10:01:44.738033,64,32,6,8,"F(6,3)",14,14,27,22.24531499996374
2026-09-07T10:01:44.738033,64,32,6,8,"F(6,3)",14,14,28,21.662019000359578
2026-09-07T10:01:44.738033,64,32,6,8,"F(6,3)",14,14,29,21.545407999838062
2026-09-07T10:01:44.738033,64,64,2,4,"F(2,3)",14,14,0,99.97507399975802
2026-09-07T10:01:44.738033,64,64,2,4,"F(2,3)",14,14,1,98.76564899968798
2026-09-07T10:01:44.738033,64,64,2,4,"F(2,3)",14,14,2,98.78077699977439
2026-09-07T10:01:44.738033,64,64,2,4,"F(2,3)",14,14,3,98.67016699990927
2026-09-07T10:01:44.738033,64,64,2,4,"F(2,3)",14,14,4,98.8379629998235
2026-09-07T10:01:44.738033,64,64,2,4,"F(2,3)",14,14,5,98.79812899998797
2026-09-07T10:01:44.738033,64,64,2,4,"F(2,3)",14,14,6,98.50029600011112
2026-09-07T10:01:44.738033,64,64,2,4,"F(2,3)",14,14,7,99.1309259998161
2026-09-07T10:01:44.738033,64,64,2,4,"F(2,3)",14,14,8,99.72470299999259
2026-09-07T10:01:44.738033,64,64,2,4,"F(2,3)",14,14,9,99.36361100017166
2026-09-07T10:01:44.738033,64,64,2,4,"F(2,3)",14,14,10,99.22909299984894
2026-09-07T10:01:44.738033,64,64,2,4,"F(2,3)",14,14,11,99.64835200025846
2026-09-07T10:01:44.738033,64,64,2,4,"F(2,3)",14,14,12,99.10438899987639
2026-09-07T10:01:44.738033,64,64,2,4,"F(2,3)",14,14,13,98.73561099993822
2026-09-07T10:01:44.738033,64,64,2,4,"F(2,3)",14,14,14,98.82370300010734
2026-09-07T10:01:44.738033,64,64,2,4,"F(2,3)",14,14,15,98.95774000005986
2026-09-07T10:01:44.738033,64,64,2,4,"F(2,3)",14,14,16,98.92901900002471
2026-09-07T10:01:44.738033,64,64,2,4,"F(2,3)",14,14,17,99.09533300015028
2026-09-07T10:01:44.738033,64,64,2,4,"F(2,3)",14,14,18,99.13237000000663
2026-09-07T10:01:44.738033,64,64,2,4,"F(2,3)",14,14,19,100.19214800013287
2026-09-07T10:01:44.738033,64,64,2,4,"F(2,3)",14,14,20,99.32003699987035
2026-09-07T10:01:44.738033,64,64,2,4,"F(2,3)",14,14,21,99.36681399994995
2026-09-07T10:01:44.738033,64,64,2,4,"F(2,3)",14,14,22,99.06618500008335
2026-09-07T10:01:44.738033,64,64,2,4,"F(2,3)",14,14,23,99.08244400003241
2026-09-07T10:01:44.738033,64,64,2,4,"F(2,3)",14,14,24,99.07475899990459
2026-09-07T10:01:44.738033,64,64,2,4,"F(2,3)",14,14,25,99.26040700020167
2026-09-07T10:01:44.738033,64,64,2,4,"F(2,3)",14,14,26,99.05185199977495
2026-09-07T10:01:44.738033,64,64,2,4,"F(2,3)",14,14,27,99.0663519996815
2026-09-07T10:01:44.738033,64,64,2,4,"F(2,3)",14,14,28,99.1239449999739
2026-09-07T10:01:44.738033,64,64,2,4,"F(2,3)",14,14,29,100.03837000022031
2026-09-07T10:01:44.738033,64,64,6,8,"F(6,3)",14,14,0,152.8183329996864
2026-09-07T10:01:44.738033,64,64,6,8,"F(6,3)",14,14,1,152.3793520000254
2026-09-07T10:01:44.738033,64,64,6,8,"F(6,3)",14,14,2,152.32581500004017
2026-09-07T10:01:44.738033,64,64,6,8,"F(6,3)",14,14,3,154.49944400006643
2026-09-07T10:01:44.738033,64,64,6,8,"F(6,3)",14,14,4,154.567371000212
2026-09-07T10:01:44.738033,64,64,6,8,"F(6,3)",14,14,5,154.1840919999231
2026-09-07T10:01:44.738033,64,64,6,8,"F(6,3)",14,14,6,154.16220400038583
2026-09-07T10:01:44.738033,64,64,6,8,"F(6,3)",14,14,7,154.66231399977914
2026-09-07T10:01:44.738033,64,64,6,8,"F(6,3)",14,14,8,154.55436999991434
2026-09-07T10:01:44.738033,64,64,6,8,"F(6,3)",14,14,9,155.34355600038907
2026-09-07T10:01:44.738033,64,64,6,8,"F(6,3)",14,14,10,154.5935180001834
2026-09-07T10:01:44.738033,64,64,6,8,"F(6,3)",14,14,11,154.1564260000996
2026-09-07T10:01:44.738033,64,64,6,8,"F(6,3)",14,14,12,153.992480999932
2026-09-07T10:01:44.738033,64,64,6,8,"F(6,3)",14,14,13,154.20926000024338
2026-09-07T10:01:44.738033,64,64,6,8,"F(6,3)",14,14,14,154.22653699988587
2026-09-07T10:01:44.738033,64,64,6,8,"F(6,3)",14,14,15,154.70516599998518
2026-09-07T10:01:44.738033,64,64,6,8,"F(6,3)",14,14,16,154.89466700000776
2026-09-07T10:01:44.738033,64,64,6,8,"F(6,3)",14,14,17,154.29785199967228
2026-09-07T10:01:44.738033,64,64,6,8,"F(6,3)",14,14,18,154.9101669997981
2026-09-07T10:01:44.738033,64,64,6,8,"F(6,3)",14,14,19,156.7751849997876
2026-09-07T10:01:44.738033,64,64,6,8,"F(6,3)",14,14,20,154.1067589996601
2026-09-07T10:01:44.738033,64,64,6,8,"F(6,3)",14,14,21,153.96725899972807
2026-09-07T10:01:44.738033,64,64,6,8,"F(6,3)",14,14,22,154.93661100026657
2026-09-07T10:01:44.738033,64,64,6,8,"F(6,3)",14,14,23,154.1002590001881
2026-09-07T10:01:44.738033,64,64,6,8,"F(6,3)",14,14,24,154.41262900003494
2026-09-07T10:01:44.738033,64,64,6,8,"F(6,3)",14,14,25,154.25724099986837
2026-09-07T10:01:44.738033,64,64,6,8,"F(6,3)",14,14,26,154.29674100005286
2026-09-07T10:01:44.738033,64,64,6,8,"F(6,3)",14,14,27,154.35537000030308
2026-09-07T10:01:44.738033,64,64,6,8,"F(6,3)",14,14,28,154.78796300021713
2026-09-07T10:01:44.738033,64,64,6,8,"F(6,3)",14,14,29,154.74857400022302
2026-09-07T10:01:44.738033,128,128,2,4,"F(2,3)",14,14,0,1226.1334999998326
2026-09-07T10:01:44.738033,128,128,2,4,"F(2,3)",14,14,1,1229.749683999671
2026-09-07T10:01:44.738033,128,128,2,4,"F(2,3)",14,14,2,1225.952444000086
2026-09-07T10:01:44.738033,128,128,2,4,"F(2,3)",14,14,3,1227.0718700001453
2026-09-07T10:01:44.738033,128,128,2,4,"F(2,3)",14,14,4,1227.1109069997692
2026-09-07T10:01:44.738033,128,128,2,4,"F(2,3)",14,14,5,1226.3806659998409
2026-09-07T10:01:44.738033,128,128,2,4,"F(2,3)",14,14,6,1230.9212959999059
2026-09-07T10:01:44.738033,128,128,2,4,"F(2,3)",14,14,7,1228.3269800000198
2026-09-07T10:01:44.738033,128,128,2,4,"F(2,3)",14,14,8,1228.0924249998861
2026-09-07T10:01:44.738033,128,128,2,4,"F(2,3)",14,14,9,1230.6087029996888
2026-09-07T10:01:44.738033,128,128,2,4,"F(2,3)",14,14,10,1228.26846199996
2026-09-07T10:01:44.738033,128,128,2,4,"F(2,3)",14,14,11,1234.1536660001111
2026-09-07T10:01:44.738033,128,128,2,4,"F(2,3)",14,14,12,1224.5760369996788
2026-09-07T10:01:44.738033,128,128,2,4,"F(2,3)",14,14,13,1226.3926839996202
2026-09-07T10:01:44.738033,128,128,2,4,"F(2,3)",14,14,14,1232.960574000117
2026-09-07T10:01:44.738033,128,128,2,4,"F(2,3)",14,14,15,1224.0236100001312
2026-09-07T10:01:44.738033,128,128,2,4,"F(2,3)",14,14,16,1226.5791280001395
2026-09-07T10:01:44.738033,128,128,2,4,"F(2,3)",14,14,17,1229.3788510000923
2026-09-07T10:01:44.738033,128,128,2,4,"F(2,3)",14,14,18,1226.4655180001682
2026-09-07T10:01:44.738033,128,128,2,4,"F(2,3)",14,14,19,1226.030147000074
2026-09-07T10:01:44.738033,128,128,2,4,"F(2,3)",14,14,20,1230.075683999985
2026-09-07T10:01:44.738033,128,128,2,4,"F(2,3)",14,14,21,1225.0187210001968
2026-09-07T10:01:44.738033,128,128,2,4,"F(2,3)",14,14,22,1228.7071659998219
2026-09-07T10:01:44.738033,128,128,2,4,"F(2,3)",14,14,23,1228.3413879999898
2026-09-07T10:01:44.738033,128,128,2,4,"F(2,3)",14,14,24,1253.7496099998862
2026-09-07T10:01:44.738033,128,128,2,4,"F(2,3)",14,14,25,1231.2987590003104
2026-09-07T10:01:44.738033,128,128,2,4,"F(2,3)",14,14,26,1224.958314000105
2026-09-07T10:01:44.738033,128,128,2,4,"F(2,3)",14,14,27,1241.5015000001404
2026-09-07T10:01:44.738033,128,128,2,4,"F(2,3)",14,14,28,1231.0959259998526
2026-09-07T10:01:44.738033,128,128,2,4,"F(2,3)",14,14,29,1223.4634250003182
2026-09-07T10:01:44.738033,128,128,6,8,"F(6,3)",14,14,0,1247.8935920003096
2026-09-07T10:01:44.738033,128,128,6,8,"F(6,3)",14,14,1,1243.704684000022
2026-09-07T10:01:44.738033,128,128,6,8,"F(6,3)",14,14,2,1246.8065170000955
2026-09-07T10:01:44.738033,128,128,6,8,"F(6,3)",14,14,3,1244.1963699998269
2026-09-07T10:01:44.738033,128,128,6,8,"F(6,3)",14,14,4,1246.0541099999318
2026-09-07T10:01:44.738033,128,128,6,8,"F(6,3)",14,14,5,1243.763073000082
2026-09-07T10:01:44.738033,128,128,6,8,"F(6,3)",14,14,6,1243.553814000279
2026-09-07T10:01:44.738033,128,128,6,8,"F(6,3)",14,14,7,1246.7577770003118
2026-09-07T10:01:44.738033,128,128,6,8,"F(6,3)",14,14,8,1243.7051469996732
2026-09-07T10:01:44.738033,128,128,6,8,"F(6,3)",14,14,9,1243.4403510001175
2026-09-07T10:01:44.738033,128,128,6,8,"F(6,3)",14,14,10,1246.5329250003379
2026-09-07T10:01:44.738033,128,128,6,8,"F(6,3)",14,14,11,1243.972517000202
2026-09-07T10:01:44.738033,128,128,6,8,"F(6,3)",14,14,12,1246.341924999797
2026-09-07T10:01:44.738033,128,128,6,8,"F(6,3)",14,14,13,1243.5080550003477
2026-09-07T10:01:44.738033,128,128,6,8,"F(6,3)",14,14,14,1243.522813999789
2026-09-07T10:01:44.738033,128,128,6,8,"F(6,3)",14,14,15,1246.7145919999894
2026-09-07T10:01:44.738033,128,128,6,8,"F(6,3)",14,14,16,1243.6114249999264
2026-09-07T10:01:44.738033,128,128,6,8,"F(6,3)",14,14,17,1243.8393510001333
2026-09-07T10:01:44.738033,128,128,6,8,"F(6,3)",14,14,18,1246.3693139998213
2026-09-07T10:01:44.738033,128,128,6,8,"F(6,3)",14,14,19,1243.911369000216
2026-09-07T10:01:44.738033,128,128,6,8,"F(6,3)",14,14,20,1246.315943999889
2026-09-07T10:01:44.738033,128,128,6,8,"F(6,3)",14,14,21,1243.415702999755
2026-09-07T10:01:44.738033,128,128,6,8,"F(6,3)",14,14,22,1243.5607590000473
2026-09-07T10:01:44.738033,128,128,6,8,"F(6,3)",14,14,23,1246.8238510000447
2026-09-07T10:01:44.738033,128,128,6,8,"F(6,3)",14,14,24,1243.4219990000202
2026-09-07T10:01:44.738033,128,128,6,8,"F(6,3)",14,14,25,1243.3689439999398
2026-09-07T10:01:44.738033,128,128,6,8,"F(6,3)",14,14,26,1246.4441469996927
2026-09-07T10:01:44.738033,128,128,6,8,"F(6,3)",14,14,27,1243.7052219997895
2026-09-07T10:01:44.738033,128,128,6,8,"F(6,3)",14,14,28,1246.2761480001063
2026-09-07T10:01:44.738033,128,128,6,8,"F(6,3)",14,14,29,1243.4473139996953
