mode,c_in,c_out,h,w,tile_dim,fused,threads,run_id,latency_ms
micro,16,32,14,14,6,False,1,0,0.5676669970853254
micro,16,32,14,14,6,False,1,1,0.5634580011246726
micro,16,32,14,14,6,False,1,2,0.5611669912468642
micro,16,32,14,14,6,False,1,3,0.5692080012522638
micro,16,32,14,14,6,False,1,4,0.5545830063056201
micro,16,32,14,14,6,False,1,5,0.5566670006373897
micro,16,32,14,14,6,False,1,6,0.557082996238023
micro,16,32,14,14,6,False,1,7,0.5565409956034273
micro,16,32,14,14,6,False,1,8,0.5558330012718216
micro,16,32,14,14,6,False,1,9,0.5579160060733557
micro,16,32,14,14,6,False,1,10,0.5570830107899383
micro,16,32,14,14,6,False,1,11,0.555749997147359
micro,16,32,14,14,6,False,1,12,0.5660000024363399
micro,16,32,14,14,6,False,1,13,0.5549579946091399
micro,16,32,14,14,6,False,1,14,0.5563750019064173
micro,16,32,14,14,6,False,1,15,0.5572079971898347
micro,16,32,14,14,6,False,1,16,0.5577499978244305
micro,16,32,14,14,6,False,1,17,0.5589579959632829
micro,16,32,14,14,6,False,1,18,0.5577079864451662
micro,16,32,14,14,6,False,1,19,0.5540419952012599
micro,16,32,14,14,6,False,1,20,0.5646250065183267
micro,16,32,14,14,6,False,1,21,0.5531669885385782
micro,16,32,14,14,6,False,1,22,0.5636249989038333
micro,16,32,14,14,6,False,1,23,0.5515420052688569
micro,16,32,14,14,6,False,1,24,0.5548750050365925
micro,16,32,14,14,6,False,1,25,0.5665829958161339
micro,16,32,14,14,6,False,1,26,0.5587089981418103
micro,16,32,14,14,6,False,1,27,0.5665000062435865
micro,16,32,14,14,6,False,1,28,0.5559580022236332
micro,16,32,14,14,6,False,1,29,0.5487500020535663
micro,16,32,14,14,6,False,4,0,0.5503749998752028
micro,16,32,14,14,6,False,4,1,0.55383300059475
micro,16,32,14,14,6,False,4,2,0.5485000001499429
micro,16,32,14,14,6,False,4,3,0.5541670107049868
micro,16,32,14,14,6,False,4,4,0.5507910100277513
micro,16,32,14,14,6,False,4,5,0.5537079996429384
micro,16,32,14,14,6,False,4,6,0.5507089954335243
micro,16,32,14,14,6,False,4,7,0.5569170025410131
micro,16,32,14,14,6,False,4,8,0.5602500023087487
micro,16,32,14,14,6,False,4,9,0.5518749967450276
micro,16,32,14,14,6,False,4,10,0.5534169904422015
micro,16,32,14,14,6,False,4,11,0.5527500034077093
micro,16,32,14,14,6,False,4,12,0.5572919908445328
micro,16,32,14,14,6,False,4,13,0.5632079992210492
micro,16,32,14,14,6,False,4,14,0.5556659889407456
micro,16,32,14,14,6,False,4,15,0.5573329981416464
micro,16,32,14,14,6,False,4,16,0.5569999921135604
micro,16,32,14,14,6,False,4,17,0.5534999945666641
micro,16,32,14,14,6,False,4,18,0.5516670062206686
micro,16,32,14,14,6,False,4,19,0.5517499957932159
micro,16,32,14,14,6,False,4,20,0.5516250093933195
micro,16,32,14,14,6,False,4,21,0.5502499989233911
micro,16,32,14,14,6,False,4,22,0.555209000594914
micro,16,32,14,14,6,False,4,23,0.5524169973796234
micro,16,32,14,14,6,False,4,24,0.5526669992832467
micro,16,32,14,14,6,False,4,25,0.5512079951586202
micro,16,32,14,14,6,False,4,26,0.5606250051641837
micro,16,32,14,14,6,False,4,27,0.5543340084841475
micro,16,32,14,14,6,False,4,28,0.5543340084841475
micro,16,32,14,14,6,False,4,29,0.5542500002775341
micro,16,32,14,14,6,True,1,0,0.6337920058285818
micro,16,32,14,14,6,True,1,1,0.6291250028880313
micro,16,32,14,14,6,True,1,2,0.6344590074149892
micro,16,32,14,14,6,True,1,3,0.6257080094655976
micro,16,32,14,14,6,True,1,4,0.6271250022109598
micro,16,32,14,14,6,True,1,5,0.6315420032478869
micro,16,32,14,14,6,True,1,6,0.6261249945964664
micro,16,32,14,14,6,True,1,7,0.6253329920582473
micro,16,32,14,14,6,True,1,8,0.6301670073298737
micro,16,32,14,14,6,True,1,9,0.6310000026132911
micro,16,32,14,14,6,True,1,10,0.6273329927353188
micro,16,32,14,14,6,True,1,11,0.6308750016614795
micro,16,32,14,14,6,True,1,12,0.6271250022109598
micro,16,32,14,14,6,True,1,13,0.6276249914662912
micro,16,32,14,14,6,True,1,14,0.6310000026132911
micro,16,32,14,14,6,True,1,15,0.6258750072447583
micro,16,32,14,14,6,True,1,16,0.6262499955482781
micro,16,32,14,14,6,True,1,17,0.6346669979393482
micro,16,32,14,14,6,True,1,18,0.6355420046020299
micro,16,32,14,14,6,True,1,19,0.6281660025706515
micro,16,32,14,14,6,True,1,20,0.6269999867072329
micro,16,32,14,14,6,True,1,21,0.6290000019362196
micro,16,32,14,14,6,True,1,22,0.6295829953160137
micro,16,32,14,14,6,True,1,23,0.6275839987210929
micro,16,32,14,14,6,True,1,24,0.6294999911915511
micro,16,32,14,14,6,True,1,25,0.6306659925030544
micro,16,32,14,14,6,True,1,26,0.6373330106725916
micro,16,32,14,14,6,True,1,27,0.629292000667192
micro,16,32,14,14,6,True,1,28,0.6337499944493175
micro,16,32,14,14,6,True,1,29,0.6384579901350662
micro,16,32,14,14,6,True,4,0,0.6292499892879277
micro,16,32,14,14,6,True,4,1,0.6299590022535995
micro,16,32,14,14,6,True,4,2,0.6378749967552722
micro,16,32,14,14,6,True,4,3,0.6384580046869814
micro,16,32,14,14,6,True,4,4,0.6273329927353188
micro,16,32,14,14,6,True,4,5,0.6358329992508516
micro,16,32,14,14,6,True,4,6,0.6270409940043464
micro,16,32,14,14,6,True,4,7,0.626042005023919
micro,16,32,14,14,6,True,4,8,0.6270000012591481
micro,16,32,14,14,6,True,4,9,0.6322499975794926
micro,16,32,14,14,6,True,4,10,0.6288330041570589
micro,16,32,14,14,6,True,4,11,0.6280000088736415
micro,16,32,14,14,6,True,4,12,0.6306670111371204
micro,16,32,14,14,6,True,4,13,0.6304159905994311
micro,16,32,14,14,6,True,4,14,0.6272079917835072
micro,16,32,14,14,6,True,4,15,0.6278340006247163
micro,16,32,14,14,6,True,4,16,0.6332079938147217
micro,16,32,14,14,6,True,4,17,0.6258750072447583
micro,16,32,14,14,6,True,4,18,0.6345409929053858
micro,16,32,14,14,6,True,4,19,0.6277079955907539
micro,16,32,14,14,6,True,4,20,0.6257080094655976
micro,16,32,14,14,6,True,4,21,0.637625009403564
micro,16,32,14,14,6,True,4,22,0.6280000088736415
micro,16,32,14,14,6,True,4,23,0.6255420012166724
micro,16,32,14,14,6,True,4,24,0.6336669903248549
micro,16,32,14,14,6,True,4,25,0.6305830029305071
micro,16,32,14,14,6,True,4,26,0.6240419897949323
micro,16,32,14,14,6,True,4,27,0.6274589977692813
micro,16,32,14,14,6,True,4,28,0.6283330003498122
micro,16,32,14,14,6,True,4,29,0.6282500107772648
micro,32,16,14,14,4,False,1,0,0.839583997731097
micro,32,16,14,14,4,False,1,1,0.8382920059375465
micro,32,16,14,14,4,False,1,2,0.8382079977309331
micro,32,16,14,14,4,False,1,3,0.8537919929949567
micro,32,16,14,14,4,False,1,4,0.8350419957423583
micro,32,16,14,14,4,False,1,5,0.833958009025082
micro,32,16,14,14,4,False,1,6,0.836292005260475
micro,32,16,14,14,4,False,1,7,0.8330410055350512
micro,32,16,14,14,4,False,1,8,0.8362090011360124
micro,32,16,14,14,4,False,1,9,0.8367919945158064
micro,32,16,14,14,4,False,1,10,0.8412500028498471
micro,32,16,14,14,4,False,1,11,0.8351659926120192
micro,32,16,14,14,4,False,1,12,0.8318750042235479
micro,32,16,14,14,4,False,1,13,0.8353339944733307
micro,32,16,14,14,4,False,1,14,0.8303329959744588
micro,32,16,14,14,4,False,1,15,0.8306249947054312
micro,32,16,14,14,4,False,1,16,0.8357920014532283
micro,32,16,14,14,4,False,1,17,0.8337499893968925
micro,32,16,14,14,4,False,1,18,0.8309999975608662
micro,32,16,14,14,4,False,1,19,0.843707995954901
micro,32,16,14,14,4,False,1,20,0.8335839956998825
micro,32,16,14,14,4,False,1,21,0.8346669928869233
micro,32,16,14,14,4,False,1,22,0.8264579955721274
micro,32,16,14,14,4,False,1,23,0.831583995022811
micro,32,16,14,14,4,False,1,24,0.8260419999714941
micro,32,16,14,14,4,False,1,25,0.8337079925695434
micro,32,16,14,14,4,False,1,26,0.8272499981103465
micro,32,16,14,14,4,False,1,27,0.8337079925695434
micro,32,16,14,14,4,False,1,28,0.8265840006060898
micro,32,16,14,14,4,False,1,29,0.8268329984275624
micro,32,16,14,14,4,False,4,0,0.8317090105265379
micro,32,16,14,14,4,False,4,1,0.8272499981103465
micro,32,16,14,14,4,False,4,2,0.8313750004163012
micro,32,16,14,14,4,False,4,3,0.8320830092998222
micro,32,16,14,14,4,False,4,4,0.8335000020451844
micro,32,16,14,14,4,False,4,5,0.8274169958895072
micro,32,16,14,14,4,False,4,6,0.8424170082435012
micro,32,16,14,14,4,False,4,7,0.83683300181292
micro,32,16,14,14,4,False,4,8,0.8327500108862296
micro,32,16,14,14,4,False,4,9,0.8318329928442836
micro,32,16,14,14,4,False,4,10,0.8313339931191877
micro,32,16,14,14,4,False,4,11,0.8287500095320866
micro,32,16,14,14,4,False,4,12,0.826000003144145
micro,32,16,14,14,4,False,4,13,0.8286669908557087
micro,32,16,14,14,4,False,4,14,0.8292089914903045
micro,32,16,14,14,4,False,4,15,0.8279580069938675
micro,32,16,14,14,4,False,4,16,0.8312499994644895
micro,32,16,14,14,4,False,4,17,0.8284169889520854
micro,32,16,14,14,4,False,4,18,0.8403750107390806
micro,32,16,14,14,4,False,4,19,0.8352080039912835
micro,32,16,14,14,4,False,4,20,0.8352500008186325
micro,32,16,14,14,4,False,4,21,0.8337500039488077
micro,32,16,14,14,4,False,4,22,0.8269579993793741
micro,32,16,14,14,4,False,4,23,0.8385830005863681
micro,32,16,14,14,4,False,4,24,0.8278750028694049
micro,32,16,14,14,4,False,4,25,0.836499995784834
micro,32,16,14,14,4,False,4,26,0.8293340069940314
micro,32,16,14,14,4,False,4,27,0.833958009025082
micro,32,16,14,14,4,False,4,28,0.8301250054500997
micro,32,16,14,14,4,False,4,29,0.8323330112034455
micro,32,16,14,14,4,True,1,0,1.0000839974964038
micro,32,16,14,14,4,True,1,1,0.9968340018531308
micro,32,16,14,14,4,True,1,2,0.9985420037992299
micro,32,16,14,14,4,True,1,3,1.0000830079661682
micro,32,16,14,14,4,True,1,4,0.9952499967766926
micro,32,16,14,14,4,True,1,5,0.9929579973686486
micro,32,16,14,14,4,True,1,6,0.9972499974537641
micro,32,16,14,14,4,True,1,7,0.9965409990400076
micro,32,16,14,14,4,True,1,8,0.9986670047510415
micro,32,16,14,14,4,True,1,9,0.9958750015357509
micro,32,16,14,14,4,True,1,10,1.0027090029325336
micro,32,16,14,14,4,True,1,11,0.9954580018529668
micro,32,16,14,14,4,True,1,12,0.9942080068867654
micro,32,16,14,14,4,True,1,13,0.9906659979606047
micro,32,16,14,14,4,True,1,14,1.0013749997597188
micro,32,16,14,14,4,True,1,15,0.9930829983204603
micro,32,16,14,14,4,True,1,16,0.9929170046234503
micro,32,16,14,14,4,True,1,17,0.9902919991873205
micro,32,16,14,14,4,True,1,18,0.9978750022128224
micro,32,16,14,14,4,True,1,19,0.9948329970939085
micro,32,16,14,14,4,True,1,20,0.9963750053429976
micro,32,16,14,14,4,True,1,21,0.9996660082833841
micro,32,16,14,14,4,True,1,22,0.9935410053003579
micro,32,16,14,14,4,True,1,23,0.9917910065269098
micro,32,16,14,14,4,True,1,24,0.9894999966491014
micro,32,16,14,14,4,True,1,25,0.9947079961420968
micro,32,16,14,14,4,True,1,26,0.9945830097422004
micro,32,16,14,14,4,True,1,27,0.9924170008162037
micro,32,16,14,14,4,True,1,28,0.9997919987654313
micro,32,16,14,14,4,True,1,29,0.9905000042635947
micro,32,16,14,14,4,True,4,0,0.9912919922498986
micro,32,16,14,14,4,True,4,1,0.989249994745478
micro,32,16,14,14,4,True,4,2,0.9992080013034865
micro,32,16,14,14,4,True,4,3,0.9907920029945672
micro,32,16,14,14,4,True,4,4,0.9930410014931113
micro,32,16,14,14,4,True,4,5,0.9916660055750981
micro,32,16,14,14,4,True,4,6,0.9909159998642281
micro,32,16,14,14,4,True,4,7,0.9872920054476708
micro,32,16,14,14,4,True,4,8,0.9945839992724359
micro,32,16,14,14,4,True,4,9,0.9872910013655201
micro,32,16,14,14,4,True,4,10,0.9845829918049276
micro,32,16,14,14,4,True,4,11,0.9858330013230443
micro,32,16,14,14,4,True,4,12,0.9872090013232082
micro,32,16,14,14,4,True,4,13,0.9857910044956952
micro,32,16,14,14,4,True,4,14,0.9861250000540167
micro,32,16,14,14,4,True,4,15,0.9891660010907799
micro,32,16,14,14,4,True,4,16,0.9896659903461114
micro,32,16,14,14,4,True,4,17,0.9887499909382313
micro,32,16,14,14,4,True,4,18,0.9952910040738061
micro,32,16,14,14,4,True,4,19,0.9875830000964925
micro,32,16,14,14,4,True,4,20,0.9920839947881177
micro,32,16,14,14,4,True,4,21,0.9847500041360036
micro,32,16,14,14,4,True,4,22,0.9915840055327863
micro,32,16,14,14,4,True,4,23,0.9933330002240837
micro,32,16,14,14,4,True,4,24,0.9904589969664812
micro,32,16,14,14,4,True,4,25,0.9886659972835332
micro,32,16,14,14,4,True,4,26,0.9900829900288954
micro,32,16,14,14,4,True,4,27,0.9902500023599714
micro,32,16,14,14,4,True,4,28,0.9942089964170009
micro,32,16,14,14,4,True,4,29,0.9894590039039031
micro,32,32,14,14,4,False,1,0,2.504832998965867
micro,32,32,14,14,4,False,1,1,2.5154169998131692
micro,32,32,14,14,4,False,1,2,2.5228750018868595
micro,32,32,14,14,4,False,1,3,2.5110830029007047
micro,32,32,14,14,4,False,1,4,2.645250002387911
micro,32,32,14,14,4,False,1,5,2.528124998207204
micro,32,32,14,14,4,False,1,6,2.5242499978048727
micro,32,32,14,14,4,False,1,7,2.5669169990578666
micro,32,32,14,14,4,False,1,8,2.500292001059279
micro,32,32,14,14,4,False,1,9,2.5489590043434873
micro,32,32,14,14,4,False,1,10,2.5125829997705296
micro,32,32,14,14,4,False,1,11,2.502624993212521
micro,32,32,14,14,4,False,1,12,2.51445900357794
micro,32,32,14,14,4,False,1,13,2.512665989343077
micro,32,32,14,14,4,False,1,14,2.5019159947987646
micro,32,32,14,14,4,False,1,15,2.512291001039557
micro,32,32,14,14,4,False,1,16,2.558834006777033
micro,32,32,14,14,4,False,1,17,2.5193339970428497
micro,32,32,14,14,4,False,1,18,2.49816600990016
micro,32,32,14,14,4,False,1,19,2.507584009435959
micro,32,32,14,14,4,False,1,20,2.504500007489696
micro,32,32,14,14,4,False,1,21,2.515582993510179
micro,32,32,14,14,4,False,1,22,2.500457994756289
micro,32,32,14,14,4,False,1,23,2.522583003155887
micro,32,32,14,14,4,False,1,24,2.5467090017627925
micro,32,32,14,14,4,False,1,25,2.567083007306792
micro,32,32,14,14,4,False,1,26,2.670999994734302
micro,32,32,14,14,4,False,1,27,2.5567499978933483
micro,32,32,14,14,4,False,1,28,2.528374985558912
micro,32,32,14,14,4,False,1,29,2.5231660110875964
micro,32,32,14,14,4,False,4,0,2.693041999009438
micro,32,32,14,14,4,False,4,1,2.558542008046061
micro,32,32,14,14,4,False,4,2,2.520499998354353
micro,32,32,14,14,4,False,4,3,2.5371249939780682
micro,32,32,14,14,4,False,4,4,2.5361659936606884
micro,32,32,14,14,4,False,4,5,2.5167499989038333
micro,32,32,14,14,4,False,4,6,2.5271249905927107
micro,32,32,14,14,4,False,4,7,2.539291002904065
micro,32,32,14,14,4,False,4,8,2.5599169894121587
micro,32,32,14,14,4,False,4,9,2.55612499313429
micro,32,32,14,14,4,False,4,10,2.5287500029662624
micro,32,32,14,14,4,False,4,11,2.5460410106461495
micro,32,32,14,14,4,False,4,12,2.5302920112153515
micro,32,32,14,14,4,False,4,13,2.5192920002155006
micro,32,32,14,14,4,False,4,14,2.529250006773509
micro,32,32,14,14,4,False,4,15,2.514959007385187
micro,32,32,14,14,4,False,4,16,2.5218750088242814
micro,32,32,14,14,4,False,4,17,2.528833007090725
micro,32,32,14,14,4,False,4,18,2.520334004657343
micro,32,32,14,14,4,False,4,19,2.5240000104531646
micro,32,32,14,14,4,False,4,20,2.5357090053148568
micro,32,32,14,14,4,False,4,21,2.5334999954793602
micro,32,32,14,14,4,False,4,22,2.5365829933434725
micro,32,32,14,14,4,False,4,23,2.5354590034112334
micro,32,32,14,14,4,False,4,24,2.5413749972358346
micro,32,32,14,14,4,False,4,25,2.532875005272217
micro,32,32,14,14,4,False,4,26,2.533791004680097
micro,32,32,14,14,4,False,4,27,2.5327920011477545
micro,32,32,14,14,4,False,4,28,2.533042003051378
micro,32,32,14,14,4,False,4,29,2.526625001337379
micro,32,32,14,14,4,True,1,0,2.3529579921159893
micro,32,32,14,14,4,True,1,1,2.3461669916287065
micro,32,32,14,14,4,True,1,2,2.3487500002374873
micro,32,32,14,14,4,True,1,3,2.348541995161213
micro,32,32,14,14,4,True,1,4,2.3627089976798743
micro,32,32,14,14,4,True,1,5,2.340125007322058
micro,32,32,14,14,4,True,1,6,2.3405410029226914
micro,32,32,14,14,4,True,1,7,2.343208994716406
micro,32,32,14,14,4,True,1,8,2.3404160019708797
micro,32,32,14,14,4,True,1,9,2.3435830080416054
micro,32,32,14,14,4,True,1,10,2.3373330041067675
micro,32,32,14,14,4,True,1,11,2.338833990506828
micro,32,32,14,14,4,True,1,12,2.3361659987131134
micro,32,32,14,14,4,True,1,13,2.34341699979268
micro,32,32,14,14,4,True,1,14,2.3326249938691035
micro,32,32,14,14,4,True,1,15,2.330083996639587
micro,32,32,14,14,4,True,1,16,2.3360000050161034
micro,32,32,14,14,4,True,1,17,2.3430409928550944
micro,32,32,14,14,4,True,1,18,2.3467090068152174
micro,32,32,14,14,4,True,1,19,2.3382500075967982
micro,32,32,14,14,4,True,1,20,2.333665994228795
micro,32,32,14,14,4,True,1,21,2.3316659935517237
micro,32,32,14,14,4,True,1,22,2.3393339943140745
micro,32,32,14,14,4,True,1,23,2.3322500055655837
micro,32,32,14,14,4,True,1,24,2.333665994228795
micro,32,32,14,14,4,True,1,25,2.334166012587957
micro,32,32,14,14,4,True,1,26,2.337666999665089
micro,32,32,14,14,4,True,1,27,2.3358330072369426
micro,32,32,14,14,4,True,1,28,2.3299589956877753
micro,32,32,14,14,4,True,1,29,2.3299169988604262
micro,32,32,14,14,4,True,4,0,2.334958000574261
micro,32,32,14,14,4,True,4,1,2.3335840087383986
micro,32,32,14,14,4,True,4,2,2.328583999769762
micro,32,32,14,14,4,True,4,3,2.6443749957252294
micro,32,32,14,14,4,True,4,4,2.63499999709893
micro,32,32,14,14,4,True,4,5,2.3554579966003075
micro,32,32,14,14,4,True,4,6,2.4864580045687035
micro,32,32,14,14,4,True,4,7,2.3782920034136623
micro,32,32,14,14,4,True,4,8,2.3533749917987734
micro,32,32,14,14,4,True,4,9,2.3557920067105442
micro,32,32,14,14,4,True,4,10,2.35370900190901
micro,32,32,14,14,4,True,4,11,2.35462500131689
micro,32,32,14,14,4,True,4,12,2.354374999413267
micro,32,32,14,14,4,True,4,13,2.35295899619814
micro,32,32,14,14,4,True,4,14,2.3745419894112274
micro,32,32,14,14,4,True,4,15,2.374792005866766
micro,32,32,14,14,4,True,4,16,2.351500006625429
micro,32,32,14,14,4,True,4,17,2.3493750049965456
micro,32,32,14,14,4,True,4,18,2.353834002860822
micro,32,32,14,14,4,True,4,19,2.3556249943794683
micro,32,32,14,14,4,True,4,20,2.359707999858074
micro,32,32,14,14,4,True,4,21,2.361709004617296
micro,32,32,14,14,4,True,4,22,2.355708013055846
micro,32,32,14,14,4,True,4,23,2.3752499982947484
micro,32,32,14,14,4,True,4,24,2.357457997277379
micro,32,32,14,14,4,True,4,25,2.3502090043621138
micro,32,32,14,14,4,True,4,26,2.3509159946115687
micro,32,32,14,14,4,True,4,27,2.3531670012744144
micro,32,32,14,14,4,True,4,28,2.3508750018663704
micro,32,32,14,14,4,True,4,29,2.3527920129708946
micro,32,64,14,14,4,False,1,0,7.59212500997819
micro,32,64,14,14,4,False,1,1,7.647749996976927
micro,32,64,14,14,4,False,1,2,7.641999996849336
micro,32,64,14,14,4,False,1,3,7.61958300427068
micro,32,64,14,14,4,False,1,4,7.60354200610891
micro,32,64,14,14,4,False,1,5,7.613875000970438
micro,32,64,14,14,4,False,1,6,7.594333001179621
micro,32,64,14,14,4,False,1,7,7.7777499973308295
micro,32,64,14,14,4,False,1,8,7.6613749988609925
micro,32,64,14,14,4,False,1,9,7.649666993529536
micro,32,64,14,14,4,False,1,10,7.705458003329113
micro,32,64,14,14,4,False,1,11,7.703499999479391
micro,32,64,14,14,4,False,1,12,7.665166995138861
micro,32,64,14,14,4,False,1,13,7.678583002416417
micro,32,64,14,14,4,False,1,14,7.675792003283277
micro,32,64,14,14,4,False,1,15,7.671833009226248
micro,32,64,14,14,4,False,1,16,7.67325000197161
micro,32,64,14,14,4,False,1,17,7.667209007195197
micro,32,64,14,14,4,False,1,18,7.692833009059541
micro,32,64,14,14,4,False,1,19,7.6836250082124025
micro,32,64,14,14,4,False,1,20,7.685333999688737
micro,32,64,14,14,4,False,1,21,7.7053330023773015
micro,32,64,14,14,4,False,1,22,7.706292002694681
micro,32,64,14,14,4,False,1,23,7.6981250022072345
micro,32,64,14,14,4,False,1,24,7.705832991632633
micro,32,64,14,14,4,False,1,25,7.707458004006185
micro,32,64,14,14,4,False,1,26,7.680499998969026
micro,32,64,14,14,4,False,1,27,7.71737500326708
micro,32,64,14,14,4,False,1,28,7.68745900131762
micro,32,64,14,14,4,False,1,29,7.673833999433555
micro,32,64,14,14,4,False,4,0,7.704000003286637
micro,32,64,14,14,4,False,4,1,7.701499998802319
micro,32,64,14,14,4,False,4,2,7.688083001994528
micro,32,64,14,14,4,False,4,3,7.667458994546905
micro,32,64,14,14,4,False,4,4,7.67025000823196
micro,32,64,14,14,4,False,4,5,7.67379101307597
micro,32,64,14,14,4,False,4,6,7.685874996241182
micro,32,64,14,14,4,False,4,7,7.679165995796211
micro,32,64,14,14,4,False,4,8,7.709042009082623
micro,32,64,14,14,4,False,4,9,7.687999997870065
micro,32,64,14,14,4,False,4,10,7.6082080049673095
micro,32,64,14,14,4,False,4,11,7.584332997794263
micro,32,64,14,14,4,False,4,12,7.676541994442232
micro,32,64,14,14,4,False,4,13,7.671083003515378
micro,32,64,14,14,4,False,4,14,7.690833008382469
micro,32,64,14,14,4,False,4,15,7.6649999973597005
micro,32,64,14,14,4,False,4,16,7.685167001909576
micro,32,64,14,14,4,False,4,17,7.603291989653371
micro,32,64,14,14,4,False,4,18,7.614540998474695
micro,32,64,14,14,4,False,4,19,7.612041998072527
micro,32,64,14,14,4,False,4,20,7.833541996660642
micro,32,64,14,14,4,False,4,21,7.632833003299311
micro,32,64,14,14,4,False,4,22,7.623666009749286
micro,32,64,14,14,4,False,4,23,7.63024999469053
micro,32,64,14,14,4,False,4,24,7.622334000188857
micro,32,64,14,14,4,False,4,25,7.608291998622008
micro,32,64,14,14,4,False,4,26,7.58391700219363
micro,32,64,14,14,4,False,4,27,7.583999991766177
micro,32,64,14,14,4,False,4,28,7.581999991089106
micro,32,64,14,14,4,False,4,29,7.60279200039804
micro,32,64,14,14,4,True,1,0,6.159083000966348
micro,32,64,14,14,4,True,1,1,6.165250000776723
micro,32,64,14,14,4,True,1,2,6.178916999488138
micro,32,64,14,14,4,True,1,3,6.146708008600399
micro,32,64,14,14,4,True,1,4,6.1424580053426325
micro,32,64,14,14,4,True,1,5,6.152249989099801
micro,32,64,14,14,4,True,1,6,6.151082998258062
micro,32,64,14,14,4,True,1,7,6.184124998981133
micro,32,64,14,14,4,True,1,8,6.141042002127506
micro,32,64,14,14,4,True,1,9,6.428249995224178
micro,32,64,14,14,4,True,1,10,6.198415998369455
micro,32,64,14,14,4,True,1,11,6.162041012430564
micro,32,64,14,14,4,True,1,12,6.147541003883816
micro,32,64,14,14,4,True,1,13,6.154749993584119
micro,32,64,14,14,4,True,1,14,6.149749999167398
micro,32,64,14,14,4,True,1,15,6.1455000104615465
micro,32,64,14,14,4,True,1,16,6.150500004878268
micro,32,64,14,14,4,True,1,17,6.146375002572313
micro,32,64,14,14,4,True,1,18,6.14645799214486
micro,32,64,14,14,4,True,1,19,6.150125002022833
micro,32,64,14,14,4,True,1,20,6.1284589901333675
micro,32,64,14,14,4,True,1,21,6.151374996989034
micro,32,64,14,14,4,True,1,22,6.13974999578204
micro,32,64,14,14,4,True,1,23,6.128666995209642
micro,32,64,14,14,4,True,1,24,6.145291990833357
micro,32,64,14,14,4,True,1,25,6.141375008155592
micro,32,64,14,14,4,True,1,26,6.141625010059215
micro,32,64,14,14,4,True,1,27,6.1557909939438105
micro,32,64,14,14,4,True,1,28,6.131707996246405
micro,32,64,14,14,4,True,1,29,6.141666992334649
micro,32,64,14,14,4,True,4,0,6.155208000564016
micro,32,64,14,14,4,True,4,1,6.135957999504171
micro,32,64,14,14,4,True,4,2,6.238292000489309
micro,32,64,14,14,4,True,4,3,6.169708998640999
micro,32,64,14,14,4,True,4,4,6.1583339993376285
micro,32,64,14,14,4,True,4,5,6.155209004646167
micro,32,64,14,14,4,True,4,6,6.14537499495782
micro,32,64,14,14,4,True,4,7,6.190333006088622
micro,32,64,14,14,4,True,4,8,6.138416996691376
micro,32,64,14,14,4,True,4,9,6.139208999229595
micro,32,64,14,14,4,True,4,10,6.149542008643039
micro,32,64,14,14,4,True,4,11,6.133250004495494
micro,32,64,14,14,4,True,4,12,6.135916002676822
micro,32,64,14,14,4,True,4,13,6.125041996710934
micro,32,64,14,14,4,True,4,14,6.130708003183827
micro,32,64,14,14,4,True,4,15,6.127291009761393
micro,32,64,14,14,4,True,4,16,6.1301249952521175
micro,32,64,14,14,4,True,4,17,6.1424160085152835
micro,32,64,14,14,4,True,4,18,6.136625001090579
micro,32,64,14,14,4,True,4,19,6.141125006251968
micro,32,64,14,14,4,True,4,20,6.140833007520996
micro,32,64,14,14,4,True,4,21,6.165916987811215
micro,32,64,14,14,4,True,4,22,6.140541998320259
micro,32,64,14,14,4,True,4,23,6.133666000096127
micro,32,64,14,14,4,True,4,24,6.1276250053197145
micro,32,64,14,14,4,True,4,25,6.134834009571932
micro,32,64,14,14,4,True,4,26,6.135083007393405
micro,32,64,14,14,4,True,4,27,6.140666009741835
micro,32,64,14,14,4,True,4,28,6.144165992736816
micro,32,64,14,14,4,True,4,29,6.1634159937966615
micro,64,32,14,14,4,False,1,0,3.7342910072766244
micro,64,32,14,14,4,False,1,1,3.7334169901441783
micro,64,32,14,14,4,False,1,2,3.7252500042086467
micro,64,32,14,14,4,False,1,3,3.7507919914787635
micro,64,32,14,14,4,False,1,4,3.8005829992471263
micro,64,32,14,14,4,False,1,5,3.767999995034188
micro,64,32,14,14,4,False,1,6,3.767333007999696
micro,64,32,14,14,4,False,1,7,3.7647089920938015
micro,64,32,14,14,4,False,1,8,3.7880830059293658
micro,64,32,14,14,4,False,1,9,3.799207988777198
micro,64,32,14,14,4,False,1,10,3.7622090021613985
micro,64,32,14,14,4,False,1,11,3.7787500041304156
micro,64,32,14,14,4,False,1,12,3.7709589960286394
micro,64,32,14,14,4,False,1,13,3.77370799833443
micro,64,32,14,14,4,False,1,14,3.7711250042775646
micro,64,32,14,14,4,False,1,15,3.7480409955605865
micro,64,32,14,14,4,False,1,16,3.762874999665655
micro,64,32,14,14,4,False,1,17,3.7610839935950935
micro,64,32,14,14,4,False,1,18,3.7351670034695417
micro,64,32,14,14,4,False,1,19,3.7281249969964847
micro,64,32,14,14,4,False,1,20,3.721125001902692
micro,64,32,14,14,4,False,1,21,3.726708993781358
micro,64,32,14,14,4,False,1,22,3.729499992914498
micro,64,32,14,14,4,False,1,23,3.721166998730041
micro,64,32,14,14,4,False,1,24,3.772374999243766
micro,64,32,14,14,4,False,1,25,3.7782089930260554
micro,64,32,14,14,4,False,1,26,3.744000001461245
micro,64,32,14,14,4,False,1,27,3.7982079957146198
micro,64,32,14,14,4,False,1,28,3.784417000133544
micro,64,32,14,14,4,False,1,29,3.7844999897060916
micro,64,32,14,14,4,False,4,0,3.78420899505727
micro,64,32,14,14,4,False,4,1,3.7737499951617792
micro,64,32,14,14,4,False,4,2,3.7985420058248565
micro,64,32,14,14,4,False,4,3,3.781416002311744
micro,64,32,14,14,4,False,4,4,3.7374160019680858
micro,64,32,14,14,4,False,4,5,3.750291987671517
micro,64,32,14,14,4,False,4,6,3.761166997719556
micro,64,32,14,14,4,False,4,7,3.780707993428223
micro,64,32,14,14,4,False,4,8,3.7903329939581454
micro,64,32,14,14,4,False,4,9,3.7827079941052943
micro,64,32,14,14,4,False,4,10,3.7952920101815835
micro,64,32,14,14,4,False,4,11,3.7922920018900186
micro,64,32,14,14,4,False,4,12,3.7857080023968592
micro,64,32,14,14,4,False,4,13,3.785292006796226
micro,64,32,14,14,4,False,4,14,3.7713339988840744
micro,64,32,14,14,4,False,4,15,3.773083008127287
micro,64,32,14,14,4,False,4,16,3.77279199892655
micro,64,32,14,14,4,False,4,17,3.76754101307597
micro,64,32,14,14,4,False,4,18,3.770625000470318
micro,64,32,14,14,4,False,4,19,3.769709001062438
micro,64,32,14,14,4,False,4,20,3.7714169884566218
micro,64,32,14,14,4,False,4,21,3.769125003600493
micro,64,32,14,14,4,False,4,22,3.7399589928099886
micro,64,32,14,14,4,False,4,23,3.7353329971665516
micro,64,32,14,14,4,False,4,24,3.7380419962573797
micro,64,32,14,14,4,False,4,25,3.738708997843787
micro,64,32,14,14,4,False,4,26,3.758624996407889
micro,64,32,14,14,4,False,4,27,3.743834007764235
micro,64,32,14,14,4,False,4,28,3.7391250079963356
micro,64,32,14,14,4,False,4,29,3.7367909972090274
micro,64,32,14,14,4,True,1,0,3.151041004457511
micro,64,32,14,14,4,True,1,1,3.1621660018572584
micro,64,32,14,14,4,True,1,2,3.1546250102110207
micro,64,32,14,14,4,True,1,3,3.1500839977525175
micro,64,32,14,14,4,True,1,4,3.1502499914495274
micro,64,32,14,14,4,True,1,5,3.148957999655977
micro,64,32,14,14,4,True,1,6,3.1425829947693273
micro,64,32,14,14,4,True,1,7,3.1471250113099813
micro,64,32,14,14,4,True,1,8,3.1505830120295286
micro,64,32,14,14,4,True,1,9,3.1757500109961256
micro,64,32,14,14,4,True,1,10,3.1443749903701246
micro,64,32,14,14,4,True,1,11,3.151249999064021
micro,64,32,14,14,4,True,1,12,3.140375003567897
micro,64,32,14,14,4,True,1,13,3.143084002658725
micro,64,32,14,14,4,True,1,14,3.1481250043725595
micro,64,32,14,14,4,True,1,15,3.141791996313259
micro,64,32,14,14,4,True,1,16,3.1420409941347316
micro,64,32,14,14,4,True,1,17,3.1409590010298416
micro,64,32,14,14,4,True,1,18,3.1494579889113083
micro,64,32,14,14,4,True,1,19,3.137125007924624
micro,64,32,14,14,4,True,1,20,3.155667000100948
micro,64,32,14,14,4,True,1,21,3.1447080109501258
micro,64,32,14,14,4,True,1,22,3.1481250043725595
micro,64,32,14,14,4,True,1,23,3.1515410082647577
micro,64,32,14,14,4,True,1,24,3.157708008075133
micro,64,32,14,14,4,True,1,25,3.1382500019390136
micro,64,32,14,14,4,True,1,26,3.142332992865704
micro,64,32,14,14,4,True,1,27,3.148042000248097
micro,64,32,14,14,4,True,1,28,3.132834011921659
micro,64,32,14,14,4,True,1,29,3.1325419986387715
micro,64,32,14,14,4,True,4,0,3.1477500015171245
micro,64,32,14,14,4,True,4,1,3.137042003800161
micro,64,32,14,14,4,True,4,2,3.138041007332504
micro,64,32,14,14,4,True,4,3,3.144250003970228
micro,64,32,14,14,4,True,4,4,3.147499999613501
micro,64,32,14,14,4,True,4,5,3.1534579902654514
micro,64,32,14,14,4,True,4,6,3.1463750055991113
micro,64,32,14,14,4,True,4,7,3.1340839923359454
micro,64,32,14,14,4,True,4,8,3.1359999993583187
micro,64,32,14,14,4,True,4,9,3.140957996947691
micro,64,32,14,14,4,True,4,10,3.1371249933727086
micro,64,32,14,14,4,True,4,11,3.135499995551072
micro,64,32,14,14,4,True,4,12,3.133165999315679
micro,64,32,14,14,4,True,4,13,3.1415410048794
micro,64,32,14,14,4,True,4,14,3.1387920025736094
micro,64,32,14,14,4,True,4,15,3.141042005154304
micro,64,32,14,14,4,True,4,16,3.1467089866055176
micro,64,32,14,14,4,True,4,17,3.13295800879132
micro,64,32,14,14,4,True,4,18,3.1349169876193628
micro,64,32,14,14,4,True,4,19,3.1376250117318705
micro,64,32,14,14,4,True,4,20,3.1302919960580766
micro,64,32,14,14,4,True,4,21,3.1304589938372374
micro,64,32,14,14,4,True,4,22,3.128083990304731
micro,64,32,14,14,4,True,4,23,3.122458001598716
micro,64,32,14,14,4,True,4,24,3.11333300487604
micro,64,32,14,14,4,True,4,25,3.4675409988267347
micro,64,32,14,14,4,True,4,26,3.136792001896538
micro,64,32,14,14,4,True,4,27,3.1409169896505773
micro,64,32,14,14,4,True,4,28,3.1627919961465523
micro,64,32,14,14,4,True,4,29,3.123667003819719
micro,64,64,14,14,4,False,1,0,12.331125006312504
micro,64,64,14,14,4,False,1,1,12.342624992015772
micro,64,64,14,14,4,False,1,2,12.347374999080785
micro,64,64,14,14,4,False,1,3,12.343875001533888
micro,64,64,14,14,4,False,1,4,12.347625000984408
micro,64,64,14,14,4,False,1,5,12.364499998511747
micro,64,64,14,14,4,False,1,6,12.32512500428129
micro,64,64,14,14,4,False,1,7,12.313665996771306
micro,64,64,14,14,4,False,1,8,12.30362500064075
micro,64,64,14,14,4,False,1,9,12.310292004258372
micro,64,64,14,14,4,False,1,10,12.27166599710472
micro,64,64,14,14,4,False,1,11,12.287833000300452
micro,64,64,14,14,4,False,1,12,12.39312499819789
micro,64,64,14,14,4,False,1,13,12.352125006145798
micro,64,64,14,14,4,False,1,14,12.36004100064747
micro,64,64,14,14,4,False,1,15,12.318792010773905
micro,64,64,14,14,4,False,1,16,12.308750010561198
micro,64,64,14,14,4,False,1,17,12.325832998612896
micro,64,64,14,14,4,False,1,18,12.322958005825058
micro,64,64,14,14,4,False,1,19,12.328084005275741
micro,64,64,14,14,4,False,1,20,12.362834007944912
micro,64,64,14,14,4,False,1,21,12.380542000755668
micro,64,64,14,14,4,False,1,22,12.370416996418498
micro,64,64,14,14,4,False,1,23,12.352541001746431
micro,64,64,14,14,4,False,1,24,12.348916992777959
micro,64,64,14,14,4,False,1,25,12.378083003568463
micro,64,64,14,14,4,False,1,26,12.396000005537644
micro,64,64,14,14,4,False,1,27,12.357167011941783
micro,64,64,14,14,4,False,1,28,12.386083006276749
micro,64,64,14,14,4,False,1,29,12.341458001174033
micro,64,64,14,14,4,False,4,0,12.301458002184518
micro,64,64,14,14,4,False,4,1,12.299832989810966
micro,64,64,14,14,4,False,4,2,12.325792005867697
micro,64,64,14,14,4,False,4,3,12.347083000349812
micro,64,64,14,14,4,False,4,4,12.511583001469262
micro,64,64,14,14,4,False,4,5,12.295708002056926
micro,64,64,14,14,4,False,4,6,12.349791009910405
micro,64,64,14,14,4,False,4,7,12.308958001085557
micro,64,64,14,14,4,False,4,8,12.291374994674698
micro,64,64,14,14,4,False,4,9,12.282749987207353
micro,64,64,14,14,4,False,4,10,12.2913340019295
micro,64,64,14,14,4,False,4,11,12.283707997994497
micro,64,64,14,14,4,False,4,12,12.278583002625965
micro,64,64,14,14,4,False,4,13,12.289584003156051
micro,64,64,14,14,4,False,4,14,12.26566600962542
micro,64,64,14,14,4,False,4,15,12.246833997778594
micro,64,64,14,14,4,False,4,16,12.238082999829203
micro,64,64,14,14,4,False,4,17,12.238499999511987
micro,64,64,14,14,4,False,4,18,12.268207996385172
micro,64,64,14,14,4,False,4,19,12.261500000022352
micro,64,64,14,14,4,False,4,20,12.248375001945533
micro,64,64,14,14,4,False,4,21,12.30491598835215
micro,64,64,14,14,4,False,4,22,12.298084009671584
micro,64,64,14,14,4,False,4,23,12.318166001932696
micro,64,64,14,14,4,False,4,24,12.310207996051759
micro,64,64,14,14,4,False,4,25,12.324083989369683
micro,64,64,14,14,4,False,4,26,12.309916986851022
micro,64,64,14,14,4,False,4,27,12.301084003411233
micro,64,64,14,14,4,False,4,28,12.294957996346056
micro,64,64,14,14,4,False,4,29,12.622291993466206
micro,64,64,14,14,4,True,1,0,8.772499990300275
micro,64,64,14,14,4,True,1,1,8.736790987313725
micro,64,64,14,14,4,True,1,2,8.730165995075367
micro,64,64,14,14,4,True,1,3,8.736250005313195
micro,64,64,14,14,4,True,1,4,8.756541006732732
micro,64,64,14,14,4,True,1,5,8.752334004384466
micro,64,64,14,14,4,True,1,6,8.735790994251147
micro,64,64,14,14,4,True,1,7,8.742915990296751
micro,64,64,14,14,4,True,1,8,8.76037499983795
micro,64,64,14,14,4,True,1,9,8.757834002608433
micro,64,64,14,14,4,True,1,10,8.742791003896855
micro,64,64,14,14,4,True,1,11,8.73212500300724
micro,64,64,14,14,4,True,1,12,8.755582995945588
micro,64,64,14,14,4,True,1,13,8.748499996727332
micro,64,64,14,14,4,True,1,14,8.733042006497271
micro,64,64,14,14,4,True,1,15,8.742999998503365
micro,64,64,14,14,4,True,1,16,8.740958000998944
micro,64,64,14,14,4,True,1,17,8.729708002647385
micro,64,64,14,14,4,True,1,18,8.730916990316473
micro,64,64,14,14,4,True,1,19,8.729583001695573
micro,64,64,14,14,4,True,1,20,8.759749995078892
micro,64,64,14,14,4,True,1,21,8.745792001718655
micro,64,64,14,14,4,True,1,22,8.723207996808924
micro,64,64,14,14,4,True,1,23,9.067291000974365
micro,64,64,14,14,4,True,1,24,8.868999997503124
micro,64,64,14,14,4,True,1,25,8.840124995913357
micro,64,64,14,14,4,True,1,26,8.866582997143269
micro,64,64,14,14,4,True,1,27,8.816208006464876
micro,64,64,14,14,4,True,1,28,8.814250002615154
micro,64,64,14,14,4,True,1,29,8.82916699629277
micro,64,64,14,14,4,True,4,0,8.820167000521906
micro,64,64,14,14,4,True,4,1,8.839500005706213
micro,64,64,14,14,4,True,4,2,8.847791992593557
micro,64,64,14,14,4,True,4,3,8.85200001357589
micro,64,64,14,14,4,True,4,4,8.818332993541844
micro,64,64,14,14,4,True,4,5,8.94920900464058
micro,64,64,14,14,4,True,4,6,8.825708995573223
micro,64,64,14,14,4,True,4,7,8.813791995635256
micro,64,64,14,14,4,True,4,8,8.840583002893254
micro,64,64,14,14,4,True,4,9,8.812457992462441
micro,64,64,14,14,4,True,4,10,8.822957999655046
micro,64,64,14,14,4,True,4,11,8.794124994892627
micro,64,64,14,14,4,True,4,12,8.784249992459081
micro,64,64,14,14,4,True,4,13,8.79512500250712
micro,64,64,14,14,4,True,4,14,8.788792008999735
micro,64,64,14,14,4,True,4,15,8.78520798869431
micro,64,64,14,14,4,True,4,16,8.79308400908485
micro,64,64,14,14,4,True,4,17,8.77833399863448
micro,64,64,14,14,4,True,4,18,8.795874993666075
micro,64,64,14,14,4,True,4,19,8.782375007285737
micro,64,64,14,14,4,True,4,20,8.774832997005433
micro,64,64,14,14,4,True,4,21,8.79437499679625
micro,64,64,14,14,4,True,4,22,8.792958004050888
micro,64,64,14,14,4,True,4,23,8.782916993368417
micro,64,64,14,14,4,True,4,24,8.780333999311551
micro,64,64,14,14,4,True,4,25,8.76987499941606
micro,64,64,14,14,4,True,4,26,8.79512500250712
micro,64,64,14,14,4,True,4,27,8.784040997852571
micro,64,64,14,14,4,True,4,28,8.778792005614378
micro,64,64,14,14,4,True,4,29,8.776541988481767
micro,128,128,14,14,4,False,1,0,79.2110829934245
micro,128,128,14,14,4,False,1,1,79.1250409965869
micro,128,128,14,14,4,False,1,2,79.06920800451189
micro,128,128,14,14,4,False,1,3,78.88324999657925
micro,128,128,14,14,4,False,1,4,78.978042001836
micro,128,128,14,14,4,False,1,5,78.86162500653882
micro,128,128,14,14,4,False,1,6,79.51929100090638
micro,128,128,14,14,4,False,1,7,79.75462499598507
micro,128,128,14,14,4,False,1,8,79.25412499753293
micro,128,128,14,14,4,False,1,9,79.5348749961704
micro,128,128,14,14,4,False,1,10,79.30979100638069
micro,128,128,14,14,4,False,1,11,79.18362499913201
micro,128,128,14,14,4,False,1,12,79.23141699575353
micro,128,128,14,14,4,False,1,13,79.20520899642725
micro,128,128,14,14,4,False,1,14,79.24166700104252
micro,128,128,14,14,4,False,1,15,79.59504199970979
micro,128,128,14,14,4,False,1,16,79.42320800793823
micro,128,128,14,14,4,False,1,17,79.56345900311135
micro,128,128,14,14,4,False,1,18,79.45712500077207
micro,128,128,14,14,4,False,1,19,79.46762499341276
micro,128,128,14,14,4,False,1,20,79.3292080052197
micro,128,128,14,14,4,False,1,21,79.24866699613631
micro,128,128,14,14,4,False,1,22,79.1226250003092
micro,128,128,14,14,4,False,1,23,77.94716699572746
micro,128,128,14,14,4,False,1,24,78.0483330017887
micro,128,128,14,14,4,False,1,25,78.46504100598395
micro,128,128,14,14,4,False,1,26,78.26766699145082
micro,128,128,14,14,4,False,1,27,78.25516699813306
micro,128,128,14,14,4,False,1,28,77.8813750075642
micro,128,128,14,14,4,False,1,29,77.79083399509545
micro,128,128,14,14,4,False,4,0,78.22445800411515
micro,128,128,14,14,4,False,4,1,77.82145800592843
micro,128,128,14,14,4,False,4,2,78.25525000225753
micro,128,128,14,14,4,False,4,3,78.27933299995493
micro,128,128,14,14,4,False,4,4,78.29429200501181
micro,128,128,14,14,4,False,4,5,78.32225000311155
micro,128,128,14,14,4,False,4,6,78.11645900073927
micro,128,128,14,14,4,False,4,7,78.01312500669155
micro,128,128,14,14,4,False,4,8,77.95379198796581
micro,128,128,14,14,4,False,4,9,77.79429099173285
micro,128,128,14,14,4,False,4,10,77.96695800789166
micro,128,128,14,14,4,False,4,11,77.81858299858868
micro,128,128,14,14,4,False,4,12,77.79520899930503
micro,128,128,14,14,4,False,4,13,77.7168330096174
micro,128,128,14,14,4,False,4,14,77.66029100457672
micro,128,128,14,14,4,False,4,15,77.69495800312143
micro,128,128,14,14,4,False,4,16,77.68529199529439
micro,128,128,14,14,4,False,4,17,78.02529199398123
micro,128,128,14,14,4,False,4,18,78.02362501388416
micro,128,128,14,14,4,False,4,19,78.09533399995416
micro,128,128,14,14,4,False,4,20,78.27804199769162
micro,128,128,14,14,4,False,4,21,78.34633300080895
micro,128,128,14,14,4,False,4,22,77.9307499906281
micro,128,128,14,14,4,False,4,23,77.93266599765047
micro,128,128,14,14,4,False,4,24,77.91058399016038
micro,128,128,14,14,4,False,4,25,78.0294580035843
micro,128,128,14,14,4,False,4,26,77.73662499675993
micro,128,128,14,14,4,False,4,27,77.51904099131934
micro,128,128,14,14,4,False,4,28,77.94116700824816
micro,128,128,14,14,4,False,4,29,77.97579099133145
micro,128,128,14,14,4,True,1,0,46.157165998010896
micro,128,128,14,14,4,True,1,1,46.161707999999635
micro,128,128,14,14,4,True,1,2,46.106374997179955
micro,128,128,14,14,4,True,1,3,46.094792007352225
micro,128,128,14,14,4,True,1,4,46.08070899848826
micro,128,128,14,14,4,True,1,5,46.11204100365285
micro,128,128,14,14,4,True,1,6,46.10970900102984
micro,128,128,14,14,4,True,1,7,46.17908300133422
micro,128,128,14,14,4,True,1,8,46.16666599758901
micro,128,128,14,14,4,True,1,9,46.38216699822806
micro,128,128,14,14,4,True,1,10,46.246792000602
micro,128,128,14,14,4,True,1,11,46.39920800400432
micro,128,128,14,14,4,True,1,12,46.19991699291859
micro,128,128,14,14,4,True,1,13,46.323749993462116
micro,128,128,14,14,4,True,1,14,46.088458999292925
micro,128,128,14,14,4,True,1,15,46.029374992940575
micro,128,128,14,14,4,True,1,16,46.05841700686142
micro,128,128,14,14,4,True,1,17,46.016791005968116
micro,128,128,14,14,4,True,1,18,46.08183300297242
micro,128,128,14,14,4,True,1,19,46.027083008084446
micro,128,128,14,14,4,True,1,20,45.97454200848006
micro,128,128,14,14,4,True,1,21,45.97487499995623
micro,128,128,14,14,4,True,1,22,46.26162500062492
micro,128,128,14,14,4,True,1,23,46.117375008179806
micro,128,128,14,14,4,True,1,24,45.959125010995194
micro,128,128,14,14,4,True,1,25,45.948083003167994
micro,128,128,14,14,4,True,1,26,46.092416989267804
micro,128,128,14,14,4,True,1,27,45.914791990071535
micro,128,128,14,14,4,True,1,28,46.3212499889778
micro,128,128,14,14,4,True,1,29,45.81154198967852
micro,128,128,14,14,4,True,4,0,45.70966699975543
micro,128,128,14,14,4,True,4,1,45.657417009351775
micro,128,128,14,14,4,True,4,2,45.828999995137565
micro,128,128,14,14,4,True,4,3,45.800624997355044
micro,128,128,14,14,4,True,4,4,46.26195799210109
micro,128,128,14,14,4,True,4,5,46.15483399538789
micro,128,128,14,14,4,True,4,6,46.086417001788504
micro,128,128,14,14,4,True,4,7,46.1180419952143
micro,128,128,14,14,4,True,4,8,46.072208002442494
micro,128,128,14,14,4,True,4,9,45.79108298639767
micro,128,128,14,14,4,True,4,10,46.11266599385999
micro,128,128,14,14,4,True,4,11,46.1039579968201
micro,128,128,14,14,4,True,4,12,46.36679201212246
micro,128,128,14,14,4,True,4,13,45.81941699143499
micro,128,128,14,14,4,True,4,14,45.683917007409036
micro,128,128,14,14,4,True,4,15,45.743416994810104
micro,128,128,14,14,4,True,4,16,45.79433299659286
micro,128,128,14,14,4,True,4,17,46.368625000468455
micro,128,128,14,14,4,True,4,18,46.23754200292751
micro,128,128,14,14,4,True,4,19,46.12658299447503
micro,128,128,14,14,4,True,4,20,45.99445901112631
micro,128,128,14,14,4,True,4,21,46.055416998569854
micro,128,128,14,14,4,True,4,22,46.06587499438319
micro,128,128,14,14,4,True,4,23,46.26312499749474
micro,128,128,14,14,4,True,4,24,46.04445899894927
micro,128,128,14,14,4,True,4,25,46.29420799028594
micro,128,128,14,14,4,True,4,26,46.258542002760805
micro,128,128,14,14,4,True,4,27,46.03504200349562
micro,128,128,14,14,4,True,4,28,45.854458992835134
micro,128,128,14,14,4,True,4,29,45.833167008822784
